,name,percent,class,category,produce,supply,img_url
0,레인보우 R,17.0%,리큐르,,대한주조,레인보우 주식회사,https://cdn.veluga.kr/files/supplier/385/drinks/25452_Main_-_RAINBOW_R.png
1,카페 보르게티,25.0%,리큐르,,보르게티,인덜지 (주),https://cdn.veluga.kr/drinks/24085/main/452423aee62d4482997a7b343eee178f_25341_11.png
2,모차르트 초콜릿 다크 프로모션,17.0%,리큐르,,MOZART DISTILLLERIE GMBH,롯데칠성음료 스피리츠부문,https://cdn.veluga.kr/drinks/23628/main/c61d2b4e1c214971a266ff0d8e37fa29_%E1%84%86%E1%85%A9%E1%84%8E%E1%85%A1%E1%84%85%E1%85%B3%E1%84%90%E1%85%B3_%E1%84%8E%E1%85%A9%E1%84%8F%E1%85%A9%E1%86%AF%E1%84%85%E1%85%B5%E1%86%BA_%E1%84%83%E1%85%A1%E1%84%8F%E1%85%B3_%E1%84%91%E1%85%B3%E1%84%85%E1%85%A9%E1%84%86%E1%85%A9%E1%84%89%E1%85%A7%E1%86%AB.png
3,모차르트 초콜릿 크림 프로모션,17.0%,리큐르,,MOZART DISTILLLERIE GMBH,롯데칠성음료 스피리츠부문,https://cdn.veluga.kr/drinks/23627/main/a664d7768b1e41d8a4a5796c952085e2_%E1%84%86%E1%85%A9%E1%84%8E%E1%85%A1%E1%84%85%E1%85%B3%E1%84%90%E1%85%B3_%E1%84%8E%E1%85%A9%E1%84%8F%E1%85%A9%E1%86%AF%E1%84%85%E1%85%B5%E1%86%BA_%E1%84%8F%E1%85%B3%E1%84%85%E1%85%B5%E1%86%B7_%E1%84%91%E1%85%B3%E1%84%85%E1%85%A9%E1%84%86%E1%85%A9%E1%84%89%E1%85%A7%E1%86%AB.png
4,모차르트 초콜릿 다크,17.0%,리큐르,,MOZART DISTILLLERIE GMBH,롯데칠성음료 스피리츠부문,https://cdn.veluga.kr/drinks/0/main/b47f7a59bb684a0089a262650bb9d5b0_chocodark.png
5,모차르트 초콜릿 크림,17.0%,리큐르,,MOZART DISTILLLERIE GMBH,롯데칠성음료 스피리츠부문,https://cdn.veluga.kr/drinks/23432/main/7a75482662dc47c08a63e9c1b1c9743b_MozartChocolateCream500ml.png
6,올레 스모키 피치 위스키,30.0%,리큐르,,올레 스모키 디스틸러리,(주) 디엠인터내셔널,https://cdn.veluga.kr/files/supplier/17/drinks/24874_OSW_peach_600x600.png
7,올레 스모키 솔티 카라멜 위스키,30.0%,리큐르,,올레 스모키 디스틸러리,(주) 디엠인터내셔널,https://cdn.veluga.kr/files/supplier/17/drinks/24872_OSW_salty_caramel_600x600.png
8,올레 스모키 피넛 버터 위스키,30.0%,리큐르,,올레 스모키 디스틸러리,(주) 디엠인터내셔널,https://cdn.veluga.kr/files/supplier/17/drinks/24873_OSW_peanut_butter_1.png
9,의리남소주,16.5%,리큐르,,우포의아침(주),부국상사,https://cdn.veluga.kr/files/supplier/42/drinks/24441_%E1%84%8B%E1%85%B4%E1%84%85%E1%85%B5%E1%84%82%E1%85%A1%E1%86%B7%E1%84%89%E1%85%A9%E1%84%8C%E1%85%AE.png
10,홀리엠,37.0%,리큐르,,두루양조,부국상사,https://cdn.veluga.kr/files/supplier/42/drinks/24105_Main_-_HOLY_M.png
11,강소백 과실주 패키지,15.0%,리큐르,,중경쟝지디스틸러리 유한회사,한강글로벌 주식회사,https://cdn.veluga.kr/files/supplier/209/drinks/23852_2892336a-901d-4c3d-a0b3-aa5ac22a570e.png
12,에치고 사무라이,46.0%,리큐르,,타마가와 양조장,빅보이리커,https://cdn.veluga.kr/files/supplier/331/drinks/22.%E1%84%87%E1%85%B5%E1%86%A8%E1%84%87%E1%85%A9%E1%84%8B%E1%85%B5%E1%84%85%E1%85%B5%E1%84%8F%E1%85%A5_%E1%84%8B%E1%85%A6%E1%84%8E%E1%85%B5%E1%84%80%E1%85%A9_%E1%84%89%E1%85%A1%E1%84%86%E1%85%AE%E1%84%85%E1%85%A1%E1%84%8B%E1%85%B5.png
13,드레이크스 오가닉 워터멜론 티니 박스테일,12.0%,리큐르,,드레이크스 오가닉,(주) 디엠인터내셔널,https://cdn.veluga.kr/files/supplier/17/drinks/22721_Main_-_Drakes_Organic_Watermelon_Tini_Boxtail.png
14,드레이크스 오가닉 블랙체리 라임에이드 박스테일,12.0%,리큐르,,드레이크스 오가닉,(주) 디엠인터내셔널,https://cdn.veluga.kr/files/supplier/17/drinks/22724_Main_-_Drakes_Organic_Blackcherry_Limeade_Boxtail.png
15,드레이크스 오가닉 민티드 모히토 박스테일,12.0%,리큐르,,드레이크스 오가닉,(주) 디엠인터내셔널,https://cdn.veluga.kr/files/supplier/17/drinks/22719_Main_-_Drakes_Organic_Minted_Mojito_Boxtail.png
16,드레이크스 오가닉 퍼팩트 마가리타 박스테일,12.0%,리큐르,,드레이크스 오가닉,(주) 디엠인터내셔널,https://cdn.veluga.kr/files/supplier/17/drinks/22718_Main_-_Drakes_Organic_Perfect_Margarita_Boxtail.png
17,메로나에이슬,13.0%,리큐르,,하이트진로 국산,하이트진로 국산,https://cdn.veluga.kr/files/supplier/228/drinks/37.%E1%84%92%E1%85%A1%E1%84%8B%E1%85%B5%E1%84%90%E1%85%B3%E1%84%8C%E1%85%B5%E1%86%AB%E1%84%85%E1%85%A9_%E1%84%80%E1%85%AE%E1%86%A8%E1%84%89%E1%85%A1%E1%86%AB_%E1%84%86%E1%85%A6%E1%84%85%E1%85%A9%E1%84%82%E1%85%A1%E1%84%8B%E1%85%A6%E1%84%8B%E1%85%B5%E1%84%89%E1%85%B3%E1%86%AF.png
18,순하리 복숭아,14.0%,리큐르,,롯데칠성음료,롯데칠성음료 국내부문,https://cdn.veluga.kr/files/supplier/155/drinks/32.%E1%84%85%E1%85%A9%E1%86%BA%E1%84%83%E1%85%A6%E1%84%8E%E1%85%B5%E1%86%AF%E1%84%89%E1%85%A5%E1%86%BC%E1%84%8B%E1%85%B3%E1%86%B7%E1%84%85%E1%85%AD_%E1%84%89%E1%85%AE%E1%86%AB%E1%84%92%E1%85%A1%E1%84%85%E1%85%B5_%E1%84%87%E1%85%A9%E1%86%A8%E1%84%89%E1%85%AE%E1%86%BC%E1%84%8B%E1%85%A1.png
19,순하리 사과,14.0%,리큐르,,롯데칠성음료,롯데칠성음료 국내부문,https://cdn.veluga.kr/files/supplier/155/drinks/31.%E1%84%85%E1%85%A9%E1%86%BA%E1%84%83%E1%85%A6%E1%84%8E%E1%85%B5%E1%86%AF%E1%84%89%E1%85%A5%E1%86%BC%E1%84%8B%E1%85%B3%E1%86%B7%E1%84%85%E1%85%AD_%E1%84%89%E1%85%AE%E1%86%AB%E1%84%92%E1%85%A1%E1%84%85%E1%85%B5_%E1%84%89%E1%85%A1%E1%84%80%E1%85%AA.png
20,순하리 유자,14.0%,리큐르,,롯데칠성음료,롯데칠성음료 국내부문,https://cdn.veluga.kr/files/supplier/155/drinks/30.%E1%84%85%E1%85%A9%E1%86%BA%E1%84%83%E1%85%A6%E1%84%8E%E1%85%B5%E1%86%AF%E1%84%89%E1%85%A5%E1%86%BC%E1%84%8B%E1%85%B3%E1%86%B7%E1%84%85%E1%85%AD_%E1%84%89%E1%85%AE%E1%86%AB%E1%84%92%E1%85%A1%E1%84%85%E1%85%B5_%E1%84%8B%E1%85%B2%E1%84%8C%E1%85%A1.png
21,아이셔에이슬,13.0%,리큐르,,하이트진로 국산,하이트진로 국산,https://cdn.veluga.kr/files/supplier/228/drinks/29.%E1%84%92%E1%85%A1%E1%84%8B%E1%85%B5%E1%84%90%E1%85%B3%E1%84%8C%E1%85%B5%E1%86%AB%E1%84%85%E1%85%A9_%E1%84%80%E1%85%AE%E1%86%A8%E1%84%89%E1%85%A1%E1%86%AB_%E1%84%8B%E1%85%A1%E1%84%8B%E1%85%B5%E1%84%89%E1%85%A7%E1%84%8B%E1%85%A6%E1%84%8B%E1%85%B5%E1%84%89%E1%85%B3%E1%86%AF.png
22,처음처럼 꿀주,15.0%,리큐르,,롯데칠성음료,롯데칠성음료 국내부문,https://cdn.veluga.kr/files/supplier/155/drinks/16.%E1%84%85%E1%85%A9%E1%86%BA%E1%84%83%E1%85%A6%E1%84%8E%E1%85%B5%E1%86%AF%E1%84%89%E1%85%A5%E1%86%BC%E1%84%8B%E1%85%B3%E1%86%B7%E1%84%85%E1%85%AD_%E1%84%8E%E1%85%A5%E1%84%8B%E1%85%B3%E1%86%B7%E1%84%8E%E1%85%A5%E1%84%85%E1%85%A5%E1%86%B7_%E1%84%81%E1%85%AE%E1%86%AF%E1%84%8C%E1%85%AE.png
23,처음처럼 빠삐코,12.0%,리큐르,,롯데칠성음료,롯데칠성음료 국내부문,https://cdn.veluga.kr/files/supplier/155/drinks/15.%E1%84%85%E1%85%A9%E1%86%BA%E1%84%83%E1%85%A6%E1%84%8E%E1%85%B5%E1%86%AF%E1%84%89%E1%85%A5%E1%86%BC%E1%84%8B%E1%85%B3%E1%86%B7%E1%84%85%E1%85%AD_%E1%84%8E%E1%85%A5%E1%84%8B%E1%85%B3%E1%86%B7%E1%84%8E%E1%85%A5%E1%84%85%E1%85%A5%E1%86%B7_%E1%84%88%E1%85%A1%E1%84%88%E1%85%B5%E1%84%8F%E1%85%A9.png
24,청포도에이슬,13.0%,리큐르,,하이트진로 국산,하이트진로 국산,https://cdn.veluga.kr/files/supplier/228/drinks/13.%E1%84%92%E1%85%A1%E1%84%8B%E1%85%B5%E1%84%90%E1%85%B3%E1%84%8C%E1%85%B5%E1%86%AB%E1%84%85%E1%85%A9_%E1%84%80%E1%85%AE%E1%86%A8%E1%84%89%E1%85%A1%E1%86%AB_%E1%84%8E%E1%85%A5%E1%86%BC%E1%84%91%E1%85%A9%E1%84%83%E1%85%A9%E1%84%8B%E1%85%A6%E1%84%8B%E1%85%B5%E1%84%89%E1%85%B3%E1%86%AF.png
25,자몽에이슬,13.0%,리큐르,,하이트진로 국산,하이트진로 국산,https://cdn.veluga.kr/files/supplier/228/drinks/5.%E1%84%92%E1%85%A1%E1%84%8B%E1%85%B5%E1%84%90%E1%85%B3%E1%84%8C%E1%85%B5%E1%86%AB%E1%84%85%E1%85%A9_%E1%84%80%E1%85%AE%E1%86%A8%E1%84%89%E1%85%A1%E1%86%AB_%E1%84%8C%E1%85%A1%E1%84%86%E1%85%A9%E1%86%BC%E1%84%8B%E1%85%A6%E1%84%8B%E1%85%B5%E1%84%89%E1%85%B3%E1%86%AF.png
26,그린애플사와,20.0%,리큐르,,사쿠라오,(주)월드엘앤에프,https://cdn.veluga.kr/files/supplier/268/drinks/21243_Main_-_Green_Apple_Sour_1.png
27,블루레몬사와,20.0%,리큐르,,사쿠라오,(주)월드엘앤에프,https://cdn.veluga.kr/files/supplier/268/drinks/21241_Main_-_Blue_Lemon_Sour_1.png
28,셀렉트,17.5%,리큐르,,몬테네그로 에스알엘,메타베브코리아 주식회사,https://cdn.veluga.kr/files/supplier/85/drinks/20566_Main_-_Select.png
29,아마로몬테네그로,23.0%,리큐르,,몬테네그로 에스알엘,메타베브코리아 주식회사,https://cdn.veluga.kr/files/supplier/85/drinks/20565_Main_-_Amaro_Montenegro.png
30,행복한상상-초코향,15.0%,리큐르,,농업회사법인 (주)영덕주조,부국상사,https://cdn.veluga.kr/files/supplier/42/drinks/19466_Main_-_%E1%84%92%E1%85%A2%E1%86%BC%E1%84%87%E1%85%A9%E1%86%A8%E1%84%92%E1%85%A1%E1%86%AB%E1%84%89%E1%85%A1%E1%86%BC%E1%84%89%E1%85%A1%E1%86%BC-%E1%84%8E%E1%85%A9%E1%84%8F%E1%85%A9%E1%84%92%E1%85%A3%E1%86%BC.png
31,강소백 리큐르(혼합과일),15.0%,리큐르,,중경쟝지디스틸러리 유한회사,한강글로벌 주식회사,https://cdn.veluga.kr/files/supplier/209/drinks/17391_Main_-_%E1%84%80%E1%85%A1%E1%86%BC%E1%84%89%E1%85%A9%E1%84%87%E1%85%A2%E1%86%A8_%E1%84%85%E1%85%B5%E1%84%8F%E1%85%B2%E1%84%85%E1%85%B3%E1%84%92%E1%85%A9%E1%86%AB%E1%84%92%E1%85%A1%E1%86%B8%E1%84%80%E1%85%AA%E1%84%8B%E1%85%B5%E1%86%AF.png
32,강소백 리큐르(포도),15.0%,리큐르,,중경쟝지디스틸러리 유한회사,한강글로벌 주식회사,https://cdn.veluga.kr/files/supplier/209/drinks/17390_Main_-_%E1%84%80%E1%85%A1%E1%86%BC%E1%84%89%E1%85%A9%E1%84%87%E1%85%A2%E1%86%A8_%E1%84%85%E1%85%B5%E1%84%8F%E1%85%B2%E1%84%85%E1%85%B3%E1%84%91%E1%85%A9%E1%84%83%E1%85%A9.png
33,강소백 리큐르(매견),12.0%,리큐르,,중경쟝지디스틸러리 유한회사,한강글로벌 주식회사,https://cdn.veluga.kr/files/supplier/209/drinks/17378_Main_-_%E1%84%80%E1%85%A1%E1%86%BC%E1%84%89%E1%85%A9%E1%84%87%E1%85%A2%E1%86%A8_%E1%84%85%E1%85%B5%E1%84%8F%E1%85%B2%E1%84%85%E1%85%B3%E1%84%86%E1%85%A2%E1%84%80%E1%85%A7%E1%86%AB.png
34,강소백 리큐르(복숭아),23.0%,리큐르,,중경쟝지디스틸러리 유한회사,한강글로벌 주식회사,https://cdn.veluga.kr/files/supplier/209/drinks/21756_Main_-_%E1%84%80%E1%85%A1%E1%86%BC%E1%84%89%E1%85%A9%E1%84%87%E1%85%A2%E1%86%A8_%E1%84%85%E1%85%B5%E1%84%8F%E1%85%B2%E1%84%85%E1%85%B3%E1%84%87%E1%85%A9%E1%86%A8%E1%84%89%E1%85%AE%E1%86%BC%E1%84%8B%E1%85%A1.png
35,샤르트뢰즈 옐로우,43.0%,리큐르,,Chartreuse,서울와인앤스피릿,https://cdn.veluga.kr/files/supplier/undefined/drinks/249.%E1%84%8B%E1%85%AA%E1%84%8B%E1%85%B5%E1%86%AB%E1%84%8B%E1%85%A2%E1%86%AB%E1%84%89%E1%85%B3%E1%84%91%E1%85%B5%E1%84%85%E1%85%B5%E1%86%BA_%E1%84%89%E1%85%A3%E1%84%85%E1%85%B3%E1%84%90%E1%85%B3%E1%84%85%E1%85%AC%E1%84%8C%E1%85%B3_%E1%84%8B%E1%85%A8%E1%86%AF%E1%84%85%E1%85%A9%E1%84%8B%E1%85%AE.png
36,샤르트뢰즈 그린,55.0%,리큐르,,Chartreuse,서울와인앤스피릿,https://cdn.veluga.kr/files/supplier/undefined/drinks/248.%E1%84%8B%E1%85%AA%E1%84%8B%E1%85%B5%E1%86%AB%E1%84%8B%E1%85%A2%E1%86%AB%E1%84%89%E1%85%B3%E1%84%91%E1%85%B5%E1%84%85%E1%85%B5%E1%86%BA_%E1%84%89%E1%85%A3%E1%84%85%E1%85%B3%E1%84%90%E1%85%B3%E1%84%85%E1%85%AC%E1%84%8C%E1%85%B3_%E1%84%80%E1%85%B3%E1%84%85%E1%85%B5%E1%86%AB.png
37,디카이퍼 카페,20.0%,리큐르,,DE KUYPER ROYAL DISTILLERS,에프제이코리아,https://cdn.veluga.kr/files/supplier/undefined/drinks/10._%E1%84%8B%E1%85%A6%E1%84%91%E1%85%B3%E1%84%8C%E1%85%A6%E1%84%8B%E1%85%B5%E1%84%8F%E1%85%A9%E1%84%85%E1%85%B5%E1%84%8B%E1%85%A1_%E1%84%83%E1%85%B5%E1%84%8F%E1%85%A1%E1%84%8B%E1%85%B5%E1%84%91%E1%85%A5_%E1%84%8F%E1%85%A1%E1%84%91%E1%85%A6.png
38,디카이퍼 아마레또,30.0%,리큐르,,DE KUYPER ROYAL DISTILLERS,에프제이코리아,https://cdn.veluga.kr/files/supplier/undefined/drinks/9._%E1%84%8B%E1%85%A6%E1%84%91%E1%85%B3%E1%84%8C%E1%85%A6%E1%84%8B%E1%85%B5%E1%84%8F%E1%85%A9%E1%84%85%E1%85%B5%E1%84%8B%E1%85%A1_%E1%84%83%E1%85%B5%E1%84%8F%E1%85%A1%E1%84%8B%E1%85%B5%E1%84%91%E1%85%A5_%E1%84%8B%E1%85%A1%E1%84%86%E1%85%A1%E1%84%85%E1%85%A6%E1%84%84%E1%85%A9.png
39,피치트리,20.0%,리큐르,,DE KUYPER ROYAL DISTILLERS,에프제이코리아,https://cdn.veluga.kr/files/supplier/undefined/drinks/213.%E1%84%8B%E1%85%A6%E1%84%91%E1%85%B3%E1%84%8C%E1%85%A6%E1%84%8B%E1%85%B5%E1%84%8F%E1%85%A9%E1%84%85%E1%85%B5%E1%84%8B%E1%85%A1_%E1%84%91%E1%85%B5%E1%84%8E%E1%85%B5%E1%84%90%E1%85%B3%E1%84%85%E1%85%B5.png
40,티아 마리아,20.0%,리큐르,,ILLVA SARONNO S.P.A,에프제이코리아,https://cdn.veluga.kr/files/supplier/undefined/drinks/212.%E1%84%8B%E1%85%A6%E1%84%91%E1%85%B3%E1%84%8C%E1%85%A6%E1%84%8B%E1%85%B5%E1%84%8F%E1%85%A9%E1%84%85%E1%85%B5%E1%84%8B%E1%85%A1_%E1%84%90%E1%85%B5%E1%84%8B%E1%85%A1_%E1%84%86%E1%85%A1%E1%84%85%E1%85%B5%E1%84%8B%E1%85%A1.png
41,콰이페 리치 리큐르,20.0%,리큐르,,DE KUYPER ROYAL DISTILLERS,에프제이코리아,https://cdn.veluga.kr/files/supplier/undefined/drinks/211.%E1%84%8B%E1%85%A6%E1%84%91%E1%85%B3%E1%84%8C%E1%85%A6%E1%84%8B%E1%85%B5%E1%84%8F%E1%85%A9%E1%84%85%E1%85%B5%E1%84%8B%E1%85%A1_%E1%84%8F%E1%85%AA%E1%84%8B%E1%85%B5%E1%84%91%E1%85%A6_%E1%84%85%E1%85%B5%E1%84%8E%E1%85%B5_%E1%84%85%E1%85%B5%E1%84%8F%E1%85%B2%E1%84%85%E1%85%B3.png
42,체리히어링,24.0%,리큐르,,DE KUYPER ROYAL DISTILLERS,에프제이코리아,https://cdn.veluga.kr/files/supplier/undefined/drinks/209.%E1%84%8B%E1%85%A6%E1%84%91%E1%85%B3%E1%84%8C%E1%85%A6%E1%84%8B%E1%85%B5%E1%84%8F%E1%85%A9%E1%84%85%E1%85%B5%E1%84%8B%E1%85%A1_%E1%84%8E%E1%85%A6%E1%84%85%E1%85%B5%E1%84%92%E1%85%B5%E1%84%8B%E1%85%A5%E1%84%85%E1%85%B5%E1%86%BC.png
43,예거마이스터,35.0%,리큐르,,MAST-JAGERMEISTER SE,에프제이코리아,https://cdn.veluga.kr/files/supplier/145/drinks/20398_Main_-_Jagermeister.png
44,애플퍼커,15.0%,리큐르,,DE KUYPER ROYAL DISTILLERS,에프제이코리아,https://cdn.veluga.kr/files/supplier/undefined/drinks/207._%E1%84%8C%E1%85%AE%E1%84%89%E1%85%B5%E1%86%A8%E1%84%92%E1%85%AC%E1%84%89%E1%85%A1%E1%84%8B%E1%85%A6%E1%84%91%E1%85%B3%E1%84%8C%E1%85%A6%E1%84%8B%E1%85%B5%E1%84%8F%E1%85%A9%E1%84%85%E1%85%B5%E1%84%8B%E1%85%A1_%E1%84%8B%E1%85%A2%E1%84%91%E1%85%B3%E1%86%AF%E1%84%91%E1%85%A5%E1%84%8F%E1%85%A5.png
45,생 제르맹,20.0%,리큐르,,MARTINI & ROSSI S.P.A.,에프제이코리아,https://cdn.veluga.kr/files/supplier/undefined/drinks/205.%E1%84%8B%E1%85%A6%E1%84%91%E1%85%B3%E1%84%8C%E1%85%A6%E1%84%8B%E1%85%B5%E1%84%8F%E1%85%A9%E1%84%85%E1%85%B5%E1%84%8B%E1%85%A1_%E1%84%89%E1%85%A2%E1%86%BC_%E1%84%8C%E1%85%A6%E1%84%85%E1%85%B3%E1%84%86%E1%85%A2%E1%86%BC.png
46,베네딕틴 돔,40.0%,리큐르,,MARTINI & ROSSI S.P.A.,에프제이코리아,https://cdn.veluga.kr/files/supplier/undefined/drinks/201._%E1%84%8C%E1%85%AE%E1%84%89%E1%85%B5%E1%86%A8%E1%84%92%E1%85%AC%E1%84%89%E1%85%A1%E1%84%8B%E1%85%A6%E1%84%91%E1%85%B3%E1%84%8C%E1%85%A6%E1%84%8B%E1%85%B5%E1%84%8F%E1%85%A9%E1%84%85%E1%85%B5%E1%84%8B%E1%85%A1_%E1%84%87%E1%85%A6%E1%84%82%E1%85%A6%E1%84%83%E1%85%B5%E1%86%A8%E1%84%90%E1%85%B5%E1%86%AB_%E1%84%83%E1%85%A9%E1%86%B7_6.png
47,디카이퍼 트리플섹,40.0%,리큐르,,DE KUYPER ROYAL DISTILLERS,에프제이코리아,https://cdn.veluga.kr/files/supplier/undefined/drinks/195._%E1%84%8C%E1%85%AE%E1%84%89%E1%85%B5%E1%86%A8%E1%84%92%E1%85%AC%E1%84%89%E1%85%A1%E1%84%8B%E1%85%A6%E1%84%91%E1%85%B3%E1%84%8C%E1%85%A6%E1%84%8B%E1%85%B5%E1%84%8F%E1%85%A9%E1%84%85%E1%85%B5%E1%84%8B%E1%85%A1_%E1%84%83%E1%85%B5%E1%84%8F%E1%85%A1%E1%84%8B%E1%85%B5%E1%84%91%E1%85%A5_%E1%84%90%E1%85%B3%E1%84%85%E1%85%B5%E1%84%91%E1%85%B3%E1%86%AF%E1%84%89%E1%85%A6%E1%86%A8.png
48,디카이퍼 큐라소 블루,20.0%,리큐르,,DE KUYPER ROYAL DISTILLERS,에프제이코리아,https://cdn.veluga.kr/files/supplier/undefined/drinks/194._%E1%84%8C%E1%85%AE%E1%84%89%E1%85%B5%E1%86%A8%E1%84%92%E1%85%AC%E1%84%89%E1%85%A1%E1%84%8B%E1%85%A6%E1%84%91%E1%85%B3%E1%84%8C%E1%85%A6%E1%84%8B%E1%85%B5%E1%84%8F%E1%85%A9%E1%84%85%E1%85%B5%E1%84%8B%E1%85%A1_%E1%84%83%E1%85%B5%E1%84%8F%E1%85%A1%E1%84%8B%E1%85%B5%E1%84%91%E1%85%A5_%E1%84%8F%E1%85%B2%E1%84%85%E1%85%A1%E1%84%89%E1%85%A9_%E1%84%87%E1%85%B3%E1%86%AF%E1%84%85%E1%85%AE.png
49,디카이퍼 카카오 화이트,24.0%,리큐르,,DE KUYPER ROYAL DISTILLERS,에프제이코리아,https://cdn.veluga.kr/files/supplier/undefined/drinks/193._%E1%84%8C%E1%85%AE%E1%84%89%E1%85%B5%E1%86%A8%E1%84%92%E1%85%AC%E1%84%89%E1%85%A1%E1%84%8B%E1%85%A6%E1%84%91%E1%85%B3%E1%84%8C%E1%85%A6%E1%84%8B%E1%85%B5%E1%84%8F%E1%85%A9%E1%84%85%E1%85%B5%E1%84%8B%E1%85%A1_%E1%84%83%E1%85%B5%E1%84%8F%E1%85%A1%E1%84%8B%E1%85%B5%E1%84%91%E1%85%A5_%E1%84%8F%E1%85%A1%E1%84%8F%E1%85%A1%E1%84%8B%E1%85%A9_%E1%84%92%E1%85%AA%E1%84%8B%E1%85%B5%E1%84%90%E1%85%B3.png
50,디카이퍼 카카오 다크,20.0%,리큐르,,DE KUYPER ROYAL DISTILLERS,에프제이코리아,https://cdn.veluga.kr/files/supplier/undefined/drinks/192._%E1%84%8C%E1%85%AE%E1%84%89%E1%85%B5%E1%86%A8%E1%84%92%E1%85%AC%E1%84%89%E1%85%A1%E1%84%8B%E1%85%A6%E1%84%91%E1%85%B3%E1%84%8C%E1%85%A6%E1%84%8B%E1%85%B5%E1%84%8F%E1%85%A9%E1%84%85%E1%85%B5%E1%84%8B%E1%85%A1_%E1%84%83%E1%85%B5%E1%84%8F%E1%85%A1%E1%84%8B%E1%85%B5%E1%84%91%E1%85%A5_%E1%84%8F%E1%85%A1%E1%84%8F%E1%85%A1%E1%84%8B%E1%85%A9_%E1%84%83%E1%85%A1%E1%84%8F%E1%85%B3.png
51,디카이퍼 카시스,15.0%,리큐르,,DE KUYPER ROYAL DISTILLERS,에프제이코리아,https://cdn.veluga.kr/files/supplier/undefined/drinks/191._%E1%84%8C%E1%85%AE%E1%84%89%E1%85%B5%E1%86%A8%E1%84%92%E1%85%AC%E1%84%89%E1%85%A1%E1%84%8B%E1%85%A6%E1%84%91%E1%85%B3%E1%84%8C%E1%85%A6%E1%84%8B%E1%85%B5%E1%84%8F%E1%85%A9%E1%84%85%E1%85%B5%E1%84%8B%E1%85%A1_%E1%84%83%E1%85%B5%E1%84%8F%E1%85%A1%E1%84%8B%E1%85%B5%E1%84%91%E1%85%A5_%E1%84%8F%E1%85%A1%E1%84%89%E1%85%B5%E1%84%89%E1%85%B3.png
52,디카이퍼 체리,15.0%,리큐르,,DE KUYPER ROYAL DISTILLERS,에프제이코리아,https://cdn.veluga.kr/files/supplier/undefined/drinks/190._%E1%84%8C%E1%85%AE%E1%84%89%E1%85%B5%E1%86%A8%E1%84%92%E1%85%AC%E1%84%89%E1%85%A1%E1%84%8B%E1%85%A6%E1%84%91%E1%85%B3%E1%84%8C%E1%85%A6%E1%84%8B%E1%85%B5%E1%84%8F%E1%85%A9%E1%84%85%E1%85%B5%E1%84%8B%E1%85%A1_%E1%84%83%E1%85%B5%E1%84%8F%E1%85%A1%E1%84%8B%E1%85%B5%E1%84%91%E1%85%A5_%E1%84%8E%E1%85%A6%E1%84%85%E1%85%B5.png
53,디카이퍼 워터메론,15.0%,리큐르,,DE KUYPER ROYAL DISTILLERS,에프제이코리아,https://cdn.veluga.kr/files/supplier/undefined/drinks/189._%E1%84%8C%E1%85%AE%E1%84%89%E1%85%B5%E1%86%A8%E1%84%92%E1%85%AC%E1%84%89%E1%85%A1%E1%84%8B%E1%85%A6%E1%84%91%E1%85%B3%E1%84%8C%E1%85%A6%E1%84%8B%E1%85%B5%E1%84%8F%E1%85%A9%E1%84%85%E1%85%B5%E1%84%8B%E1%85%A1_%E1%84%83%E1%85%B5%E1%84%8F%E1%85%A1%E1%84%8B%E1%85%B5%E1%84%91%E1%85%A5_%E1%84%8B%E1%85%AF%E1%84%90%E1%85%A5%E1%84%86%E1%85%A6%E1%84%85%E1%85%A9%E1%86%AB.png
54,디카이퍼 와일드 스트로베리,15.0%,리큐르,,DE KUYPER ROYAL DISTILLERS,에프제이코리아,https://cdn.veluga.kr/files/supplier/undefined/drinks/188._%E1%84%8C%E1%85%AE%E1%84%89%E1%85%B5%E1%86%A8%E1%84%92%E1%85%AC%E1%84%89%E1%85%A1%E1%84%8B%E1%85%A6%E1%84%91%E1%85%B3%E1%84%8C%E1%85%A6%E1%84%8B%E1%85%B5%E1%84%8F%E1%85%A9%E1%84%85%E1%85%B5%E1%84%8B%E1%85%A1_%E1%84%83%E1%85%B5%E1%84%8F%E1%85%A1%E1%84%8B%E1%85%B5%E1%84%91%E1%85%A5_%E1%84%8B%E1%85%AA%E1%84%8B%E1%85%B5%E1%86%AF%E1%84%83%E1%85%B3_%E1%84%89%E1%85%B3%E1%84%90%E1%85%B3%E1%84%85%E1%85%A9%E1%84%87%E1%85%A6%E1%84%85%E1%85%B5.png
55,디카이퍼 엘더플라워,15.0%,리큐르,,DE KUYPER ROYAL DISTILLERS,에프제이코리아,https://cdn.veluga.kr/files/supplier/undefined/drinks/187._%E1%84%8C%E1%85%AE%E1%84%89%E1%85%B5%E1%86%A8%E1%84%92%E1%85%AC%E1%84%89%E1%85%A1%E1%84%8B%E1%85%A6%E1%84%91%E1%85%B3%E1%84%8C%E1%85%A6%E1%84%8B%E1%85%B5%E1%84%8F%E1%85%A9%E1%84%85%E1%85%B5%E1%84%8B%E1%85%A1_%E1%84%83%E1%85%B5%E1%84%8F%E1%85%A1%E1%84%8B%E1%85%B5%E1%84%91%E1%85%A5_%E1%84%8B%E1%85%A6%E1%86%AF%E1%84%83%E1%85%A5%E1%84%91%E1%85%B3%E1%86%AF%E1%84%85%E1%85%A1%E1%84%8B%E1%85%AF.png
56,디카이퍼 애프리코트 브랜디,20.0%,리큐르,,DE KUYPER ROYAL DISTILLERS,에프제이코리아,https://cdn.veluga.kr/files/supplier/undefined/drinks/186.__%E1%84%8C%E1%85%AE%E1%84%89%E1%85%B5%E1%86%A8%E1%84%92%E1%85%AC%E1%84%89%E1%85%A1%E1%84%8B%E1%85%A6%E1%84%91%E1%85%B3%E1%84%8C%E1%85%A6%E1%84%8B%E1%85%B5%E1%84%8F%E1%85%A9%E1%84%85%E1%85%B5%E1%84%8B%E1%85%A1_%E1%84%83%E1%85%B5%E1%84%8F%E1%85%A1%E1%84%8B%E1%85%B5%E1%84%91%E1%85%A5_%E1%84%8B%E1%85%A2%E1%84%91%E1%85%B3%E1%84%85%E1%85%B5%E1%84%8F%E1%85%A9%E1%84%90%E1%85%B3_%E1%84%87%E1%85%B3%E1%84%85%E1%85%A2%E1%86%AB%E1%84%83%E1%85%B5.png
57,디카이퍼 블루베리,15.0%,리큐르,,DE KUYPER ROYAL DISTILLERS,에프제이코리아,https://cdn.veluga.kr/files/supplier/undefined/drinks/185._%E1%84%8C%E1%85%AE%E1%84%89%E1%85%B5%E1%86%A8%E1%84%92%E1%85%AC%E1%84%89%E1%85%A1%E1%84%8B%E1%85%A6%E1%84%91%E1%85%B3%E1%84%8C%E1%85%A6%E1%84%8B%E1%85%B5%E1%84%8F%E1%85%A9%E1%84%85%E1%85%B5%E1%84%8B%E1%85%A1_%E1%84%83%E1%85%B5%E1%84%8F%E1%85%A1%E1%84%8B%E1%85%B5%E1%84%91%E1%85%A5_%E1%84%87%E1%85%B3%E1%86%AF%E1%84%85%E1%85%AE%E1%84%87%E1%85%A6%E1%84%85%E1%85%B5.png
58,디카이퍼 버터스카치,15.0%,리큐르,,DE KUYPER ROYAL DISTILLERS,에프제이코리아,https://cdn.veluga.kr/files/supplier/undefined/drinks/184._%E1%84%8C%E1%85%AE%E1%84%89%E1%85%B5%E1%86%A8%E1%84%92%E1%85%AC%E1%84%89%E1%85%A1%E1%84%8B%E1%85%A6%E1%84%91%E1%85%B3%E1%84%8C%E1%85%A6%E1%84%8B%E1%85%B5%E1%84%8F%E1%85%A9%E1%84%85%E1%85%B5%E1%84%8B%E1%85%A1_%E1%84%83%E1%85%B5%E1%84%8F%E1%85%A1%E1%84%8B%E1%85%B5%E1%84%91%E1%85%A5_%E1%84%87%E1%85%A5%E1%84%90%E1%85%A5%E1%84%89%E1%85%B3%E1%84%8F%E1%85%A1%E1%84%8E%E1%85%B5.png
59,디카이퍼 바나나,15.0%,리큐르,,DE KUYPER ROYAL DISTILLERS,에프제이코리아,https://cdn.veluga.kr/files/supplier/undefined/drinks/183._%E1%84%8C%E1%85%AE%E1%84%89%E1%85%B5%E1%86%A8%E1%84%92%E1%85%AC%E1%84%89%E1%85%A1%E1%84%8B%E1%85%A6%E1%84%91%E1%85%B3%E1%84%8C%E1%85%A6%E1%84%8B%E1%85%B5%E1%84%8F%E1%85%A9%E1%84%85%E1%85%B5%E1%84%8B%E1%85%A1_%E1%84%83%E1%85%B5%E1%84%8F%E1%85%A1%E1%84%8B%E1%85%B5%E1%84%91%E1%85%A5_%E1%84%87%E1%85%A1%E1%84%82%E1%85%A1%E1%84%82%E1%85%A1.png
60,디카이퍼 민트 화이트,24.0%,리큐르,,DE KUYPER ROYAL DISTILLERS,에프제이코리아,https://cdn.veluga.kr/files/supplier/undefined/drinks/182._%E1%84%8C%E1%85%AE%E1%84%89%E1%85%B5%E1%86%A8%E1%84%92%E1%85%AC%E1%84%89%E1%85%A1%E1%84%8B%E1%85%A6%E1%84%91%E1%85%B3%E1%84%8C%E1%85%A6%E1%84%8B%E1%85%B5%E1%84%8F%E1%85%A9%E1%84%85%E1%85%B5%E1%84%8B%E1%85%A1_%E1%84%83%E1%85%B5%E1%84%8F%E1%85%A1%E1%84%8B%E1%85%B5%E1%84%91%E1%85%A5_%E1%84%86%E1%85%B5%E1%86%AB%E1%84%90%E1%85%B3_%E1%84%92%E1%85%AA%E1%84%8B%E1%85%B5%E1%84%90%E1%85%B3.png
61,디카이퍼 민트 그린,24.0%,리큐르,,DE KUYPER ROYAL DISTILLERS,에프제이코리아,https://cdn.veluga.kr/files/supplier/undefined/drinks/181._%E1%84%8C%E1%85%AE%E1%84%89%E1%85%B5%E1%86%A8%E1%84%92%E1%85%AC%E1%84%89%E1%85%A1%E1%84%8B%E1%85%A6%E1%84%91%E1%85%B3%E1%84%8C%E1%85%A6%E1%84%8B%E1%85%B5%E1%84%8F%E1%85%A9%E1%84%85%E1%85%B5%E1%84%8B%E1%85%A1_%E1%84%83%E1%85%B5%E1%84%8F%E1%85%A1%E1%84%8B%E1%85%B5%E1%84%91%E1%85%A5_%E1%84%86%E1%85%B5%E1%86%AB%E1%84%90%E1%85%B3_%E1%84%80%E1%85%B3%E1%84%85%E1%85%B5%E1%86%AB.png
62,디카이퍼 멜론,15.0%,리큐르,,DE KUYPER ROYAL DISTILLERS,에프제이코리아,https://cdn.veluga.kr/files/supplier/undefined/drinks/180._%E1%84%8C%E1%85%AE%E1%84%89%E1%85%B5%E1%86%A8%E1%84%92%E1%85%AC%E1%84%89%E1%85%A1%E1%84%8B%E1%85%A6%E1%84%91%E1%85%B3%E1%84%8C%E1%85%A6%E1%84%8B%E1%85%B5%E1%84%8F%E1%85%A9%E1%84%85%E1%85%B5%E1%84%8B%E1%85%A1_%E1%84%83%E1%85%B5%E1%84%8F%E1%85%A1%E1%84%8B%E1%85%B5%E1%84%91%E1%85%A5_%E1%84%86%E1%85%A6%E1%86%AF%E1%84%85%E1%85%A9%E1%86%AB.png
63,디카이퍼 망고,15.0%,리큐르,,DE KUYPER ROYAL DISTILLERS,에프제이코리아,https://cdn.veluga.kr/files/supplier/undefined/drinks/179._%E1%84%8C%E1%85%AE%E1%84%89%E1%85%B5%E1%86%A8%E1%84%92%E1%85%AC%E1%84%89%E1%85%A1%E1%84%8B%E1%85%A6%E1%84%91%E1%85%B3%E1%84%8C%E1%85%A6%E1%84%8B%E1%85%B5%E1%84%8F%E1%85%A9%E1%84%85%E1%85%B5%E1%84%8B%E1%85%A1_%E1%84%83%E1%85%B5%E1%84%8F%E1%85%A1%E1%84%8B%E1%85%B5%E1%84%91%E1%85%A5_%E1%84%86%E1%85%A1%E1%86%BC%E1%84%80%E1%85%A9.png
64,디카이퍼 그레이프후르트,15.0%,리큐르,,DE KUYPER ROYAL DISTILLERS,에프제이코리아,https://cdn.veluga.kr/files/supplier/undefined/drinks/178._%E1%84%8C%E1%85%AE%E1%84%89%E1%85%B5%E1%86%A8%E1%84%92%E1%85%AC%E1%84%89%E1%85%A1%E1%84%8B%E1%85%A6%E1%84%91%E1%85%B3%E1%84%8C%E1%85%A6%E1%84%8B%E1%85%B5%E1%84%8F%E1%85%A9%E1%84%85%E1%85%B5%E1%84%8B%E1%85%A1_%E1%84%83%E1%85%B5%E1%84%8F%E1%85%A1%E1%84%8B%E1%85%B5%E1%84%91%E1%85%A5_%E1%84%80%E1%85%B3%E1%84%85%E1%85%A6%E1%84%8B%E1%85%B5%E1%84%91%E1%85%B3%E1%84%92%E1%85%AE%E1%84%85%E1%85%B3%E1%84%90%E1%85%B3.png
65,디사론노,28.0%,리큐르,,ILLVA SARONNO S.P.A,에프제이코리아,https://cdn.veluga.kr/files/supplier/undefined/drinks/177._%E1%84%8C%E1%85%AE%E1%84%89%E1%85%B5%E1%86%A8%E1%84%92%E1%85%AC%E1%84%89%E1%85%A1%E1%84%8B%E1%85%A6%E1%84%91%E1%85%B3%E1%84%8C%E1%85%A6%E1%84%8B%E1%85%B5%E1%84%8F%E1%85%A9%E1%84%85%E1%85%B5%E1%84%8B%E1%85%A1_%E1%84%83%E1%85%B5%E1%84%89%E1%85%A1%E1%84%85%E1%85%A9%E1%86%AB%E1%84%82%E1%85%A9.png
66,로트캐피언 멈 버젤페터,30.0%,리큐르,,로트캐피언 멈,금양인터내셔날,https://stage-cdn.veluga.kr/files/supplier/137/drinks/245._%E1%84%85%E1%85%A9%E1%84%90%E1%85%B3%E1%84%8F%E1%85%A2%E1%84%91%E1%85%B5%E1%84%8B%E1%85%A5%E1%86%AB_%E1%84%86%E1%85%A5%E1%86%B7_%E1%84%87%E1%85%A5%E1%84%8C%E1%85%A6%E1%86%AF%E1%84%91%E1%85%A6%E1%84%90%E1%85%A5.png
67,베드렌 민트 화이트,18.0%,리큐르,,베드렌,(주)아영에프비씨,https://cdn.veluga.kr/files/supplier/115/drinks/1990_VEDRENNE_MINT_WHITE.png
68,베드렌 트리플섹,35.0%,리큐르,,베드렌,(주)아영에프비씨,https://cdn.veluga.kr/files/supplier/115/drinks/1998_VEDRENNE_TRIPLE_SEC.png
69,베드렌 피치,15.0%,리큐르,,베드렌,(주)아영에프비씨,https://cdn.veluga.kr/files/supplier/115/drinks/1999_VEDRENNE_PEACH.png
70,베드렌 멜론,20.0%,리큐르,,베드렌,(주)아영에프비씨,https://cdn.veluga.kr/files/supplier/115/drinks/2000_VEDRENNE_MELON.png
71,베드렌 그린애플,18.0%,리큐르,,베드렌,(주)아영에프비씨,https://cdn.veluga.kr/files/supplier/115/drinks/2001_VEDRENNE_GREEN_APPLE.png
72,베드렌 블루 큐라소,25.0%,리큐르,,베드렌,(주)아영에프비씨,https://cdn.veluga.kr/files/supplier/115/drinks/2002_VEDRENNE_BLUE_CURACAO.png
73,페르넷 브랑카 멘타,28.0%,리큐르,,프라텔리 브랑카 디스틸러리,(주)아영에프비씨,https://cdn.veluga.kr/files/supplier/115/drinks/1107_FERNET%20BRANCA%20MENTA.png
74,도원결의40,40.0%,리큐르,,농업회사법인 (주)영덕주조,부국상사,https://assets.business.veluga.kr/media/public/%E1%84%83%E1%85%A9%E1%84%8B%E1%85%AF%E1%86%AB%E1%84%80%E1%85%A7%E1%86%AF%E1%84%8B%E1%85%B4_40_1.png
75,도원결의25,25.0%,리큐르,,농업회사법인 (주)영덕주조,부국상사,https://assets.business.veluga.kr/media/public/%E1%84%83%E1%85%A9%E1%84%8B%E1%85%AF%E1%86%AB%E1%84%80%E1%85%A7%E1%86%AF%E1%84%8B%E1%85%B4_25_1.png
76,도원결의15,15.0%,리큐르,,농업회사법인 (주)영덕주조,부국상사,https://assets.business.veluga.kr/media/public/%E1%84%83%E1%85%A9%E1%84%8B%E1%85%AF%E1%86%AB%E1%84%80%E1%85%A7%E1%86%AF%E1%84%8B%E1%85%B4_15_1.png
77,팔리니 리몬첼로,26.0%,리큐르,,팔리니,롯데칠성음료 스피리츠부문,https://assets.business.veluga.kr/media/public/%E1%84%91%E1%85%A1%E1%86%AF%E1%84%85%E1%85%B5%E1%84%82%E1%85%B5_%E1%84%85%E1%85%B5%E1%84%86%E1%85%A9%E1%86%AB%E1%84%8E%E1%85%A6%E1%86%AF%E1%84%85%E1%85%A9_1.png
78,곰이 사랑한 꿀술,16.0%,리큐르,,농업회사법인 (주)술샘,부국상사,https://assets.business.veluga.kr/media/public/%E1%84%80%E1%85%A9%E1%86%B7%E1%84%8B%E1%85%B5%E1%84%89%E1%85%A1%E1%84%85%E1%85%A1%E1%86%BC%E1%84%92%E1%85%A1%E1%86%AB%E1%84%81%E1%85%AE%E1%86%AF%E1%84%89%E1%85%AE%E1%86%AF%E1%84%83%E1%85%A2%E1%84%91%E1%85%AD_1.png
79,카파리,20.0%,리큐르,,사제락 컴퍼니,(주)비이엑스스피리츠코리아,https://assets.business.veluga.kr/media/public/15.Kapali.png
80,티 레드,16.0%,리큐르,,니바 디스틸러리 컴퍼니,(주)비이엑스스피리츠코리아,https://assets.business.veluga.kr/media/public/14.TRed_8006.png
81,서던 컴포트 블랙,40.0%,리큐르,,사제락 컴퍼니,(주)비이엑스스피리츠코리아,https://assets.business.veluga.kr/media/public/13.southern-comfort-black_750ml.png
82,서던 컴포트 오리지널,35.0%,리큐르,,사제락 컴퍼니,(주)비이엑스스피리츠코리아,https://assets.business.veluga.kr/media/public/12.southern-comfort-original_50ml.png
83,파이어볼,33.0%,리큐르,,사제락 디스틸러리스 캐나다,(주)비이엑스스피리츠코리아,https://assets.business.veluga.kr/media/public/10.%E1%84%91%E1%85%A1%E1%84%8B%E1%85%B5%E1%84%8B%E1%85%A5%E1%84%87%E1%85%A9%E1%86%AF_50ml.png
84,킹스진저,41.0%,리큐르,,베리 브로스 앤 러드,트랜스베버리지 주식회사,https://assets.business.veluga.kr/media/public/BBR_Kings_ginger.png
85,패트론 시트론지 오렌지,35.0%,리큐르,,더 패트론 스피릿 컴퍼니,트랜스베버리지 주식회사,https://assets.business.veluga.kr/media/public/Patron_Citronge_Orange.png
86,패트론 시트론지 망고,35.0%,리큐르,,더 패트론 스피릿 컴퍼니,트랜스베버리지 주식회사,https://assets.business.veluga.kr/media/public/Patron_Citronge_Mango.png
87,아베르나,29.0%,리큐르,,캄파리 그룹,트랜스베버리지 주식회사,https://assets.business.veluga.kr/media/public/Averna.png
88,치나,16.5%,리큐르,,캄파리 그룹,트랜스베버리지 주식회사,https://assets.business.veluga.kr/media/public/Cynar.png
89,진자노 1757 엑스트라 드라이,18.0%,리큐르,,캄파리 그룹,트랜스베버리지 주식회사,https://assets.business.veluga.kr/media/public/1757_Extra_dry.png
90,진자노 1757 로소,16.0%,리큐르,,캄파리 그룹,트랜스베버리지 주식회사,https://assets.business.veluga.kr/media/public/1757_Rosso.png
91,진자노 엑스트라 드라이,18.0%,리큐르,,캄파리 그룹,트랜스베버리지 주식회사,https://assets.business.veluga.kr/media/public/Extra_Dry.png
92,진자노 비앙코,15.0%,리큐르,,캄파리 그룹,트랜스베버리지 주식회사,https://assets.business.veluga.kr/media/public/Bianco.png
93,진자노 로소,15.0%,리큐르,,캄파리 그룹,트랜스베버리지 주식회사,https://assets.business.veluga.kr/media/public/Rosso.png
94,프란젤리코,20.0%,리큐르,,캄파리 그룹,트랜스베버리지 주식회사,https://assets.business.veluga.kr/media/public/Frangelico.png
95,그랑 마니에르,40.0%,리큐르,,캄파리 그룹,트랜스베버리지 주식회사,https://assets.business.veluga.kr/media/public/Grand_Marnier.png
96,아메리칸 허니,35.5%,리큐르,,캄파리 그룹,트랜스베버리지 주식회사,https://assets.business.veluga.kr/media/public/American_honey.png
97,아페롤,11.0%,리큐르,,캄파리 그룹,트랜스베버리지 주식회사,https://assets.business.veluga.kr/media/public/Aperol.png
98,캄파리,25.0%,리큐르,,캄파리 그룹,트랜스베버리지 주식회사,https://assets.business.veluga.kr/media/public/Campari.png
99,엑스레이티드,17.0%,리큐르,,캄파리 그룹,트랜스베버리지 주식회사,https://assets.business.veluga.kr/media/public/X-rated.png
100,미스터 보스턴 까시스,15.0%,리큐르,,미스터 보스턴 컴퍼니,메타베브코리아 주식회사,https://assets.business.veluga.kr/media/public/Mr._Boston_Cassis.png
101,미스터 보스턴 사워 애플 슈냅스,15.0%,리큐르,,미스터 보스턴 컴퍼니,메타베브코리아 주식회사,https://assets.business.veluga.kr/media/public/Mr._Boston_Sour_Apple_Schnapps.png
102,미스터 보스턴 트리플 섹,15.0%,리큐르,,미스터 보스턴 컴퍼니,메타베브코리아 주식회사,https://assets.business.veluga.kr/media/public/Mr._Boston_Triple_Sec.png
103,미스터 보스턴 크림 드 바나나,15.0%,리큐르,,미스터 보스턴 컴퍼니,메타베브코리아 주식회사,https://assets.business.veluga.kr/media/public/Mr._Boston_Creme_de_Banana.png
104,미스터 보스턴 블루 큐라소,15.0%,리큐르,,미스터 보스턴 컴퍼니,메타베브코리아 주식회사,https://assets.business.veluga.kr/media/public/Mr._Boston_Blue_Curacao.png
105,미스터 보스턴 멜론,17.0%,리큐르,,미스터 보스턴 컴퍼니,메타베브코리아 주식회사,https://assets.business.veluga.kr/media/public/Mr._Boston_Melon.png
106,미스터 보스턴 피치 슈냅스,15.0%,리큐르,,미스터 보스턴 컴퍼니,메타베브코리아 주식회사,https://assets.business.veluga.kr/media/public/Mr._Boston_Peach_Schnapps.png
107,미스터 보스턴 아마레토,15.0%,리큐르,,미스터 보스턴 컴퍼니,메타베브코리아 주식회사,https://assets.business.veluga.kr/media/public/Mr._Boston_Amaretto.png
108,미드나잇 문 오리지널 문샤인,40.0%,리큐르,,피에몬트 디스틸러스,메타베브코리아 주식회사,https://assets.business.veluga.kr/media/public/PIEDMONT_Midnight_Moon_Original_Moonshine.png
109,미드나잇 문 애플 파이 문샤인,35.0%,리큐르,,피에몬트 디스틸러스,메타베브코리아 주식회사,https://assets.business.veluga.kr/media/public/PIEDMONT_Midnight_Moon_Apple_Pie.png
110,이탈리쿠스,20.0%,리큐르,,토리노 디스틸러리,메타베브코리아 주식회사,https://assets.business.veluga.kr/media/public/Torino_Italicus.png
111,그라이처 에어드베어 자네,15.0%,리큐르,,어거스트 언스트,주식회사 빅샷임포츠,https://assets.business.veluga.kr/media/public/Ernst__Young_Specht_Greizer_ErdbeerSahne.png
112,올데슬로에 파이게,21.0%,리큐르,,어거스트 언스트,주식회사 빅샷임포츠,https://assets.business.veluga.kr/media/public/Ernst__Young_Specht_Oldesloer_Feige.png
113,슈펙트 팜펠무제 로제,21.0%,리큐르,,어거스트 언스트,주식회사 빅샷임포츠,https://assets.business.veluga.kr/media/public/Ernst__Young_Specht_Pampelmuse_Rose.png
114,슈펙트 팜펠무제,21.0%,리큐르,,어거스트 언스트,주식회사 빅샷임포츠,https://assets.business.veluga.kr/media/public/Ernst__Young_Specht_Pampelmuse.png
115,푸쉬킨 넛츠 앤 누가,17.0%,리큐르,,베렌첸 그룹,주식회사 빅샷임포츠,https://assets.business.veluga.kr/media/public/Berentzen_Puschkin_Nuts_and_Nougat.png
116,베렌첸 카라멜 크림,17.0%,리큐르,,베렌첸 그룹,주식회사 빅샷임포츠,https://assets.business.veluga.kr/media/public/Berentzen_Caramel_Cream.png
117,베렌첸 커피 크림,17.0%,리큐르,,베렌첸 그룹,주식회사 빅샷임포츠,https://assets.business.veluga.kr/media/public/Berentzen_Coffee_Cream.png
118,베렌첸 페어,15.0%,리큐르,,베렌첸 그룹,주식회사 빅샷임포츠,https://assets.business.veluga.kr/media/public/Berentzen_Pear.png
119,베렌첸 사워 애플,16.0%,리큐르,,베렌첸 그룹,주식회사 빅샷임포츠,https://assets.business.veluga.kr/media/public/Berentzen_Sour_Apple.png
120,베렌첸 와일드 체리,16.0%,리큐르,,베렌첸 그룹,주식회사 빅샷임포츠,https://assets.business.veluga.kr/media/public/Berentzen_Wild_Cherry.png
121,베렌첸 피치,20.0%,리큐르,,베렌첸 그룹,주식회사 빅샷임포츠,https://assets.business.veluga.kr/media/public/Berentzen_Peach.png
122,베렌첸 애플,18.0%,리큐르,,베렌첸 그룹,주식회사 빅샷임포츠,https://assets.business.veluga.kr/media/public/Berentzen_Apple.png
123,베렌첸 아이스 민트,50.0%,리큐르,,베렌첸 그룹,주식회사 빅샷임포츠,https://assets.business.veluga.kr/media/public/Berentzen_ICEMINT.png
124,베렌첸 애플 버번,28.0%,리큐르,,베렌첸 그룹,주식회사 빅샷임포츠,https://assets.business.veluga.kr/media/public/Berentzen_Apple_Bourbon.png
125,패트론 엑스오 카페,35.0%,리큐르,,더 패트론 스피릿 컴퍼니,트랜스베버리지 주식회사,https://assets.business.veluga.kr/media/public/Patron_XO_Caf%C3%A9.png
126,니와노 우구이스 마루고토 유즈우메슈,11.0%,리큐르,,야마구치주조장,주식회사 일로,https://stage-cdn.veluga.kr/files/supplier/temporary/drinks/270.%E1%84%8C%E1%85%AE%E1%84%89%E1%85%B5%E1%86%A8%E1%84%92%E1%85%AC%E1%84%89%E1%85%A1_%E1%84%8B%E1%85%B5%E1%86%AF%E1%84%85%E1%85%A9_%E1%84%82%E1%85%B5%E1%84%8B%E1%85%AA%E1%84%82%E1%85%A9_%E1%84%8B%E1%85%AE%E1%84%80%E1%85%AE%E1%84%8B%E1%85%B5%E1%84%89%E1%85%B3_%E1%84%86%E1%85%A1%E1%84%85%E1%85%AE%E1%84%80%E1%85%A9%E1%84%90%E1%85%A9_%E1%84%8B%E1%85%B2%E1%84%8C%E1%85%B3%E1%84%8B%E1%85%AE%E1%84%86%E1%85%A6%E1%84%89%E1%85%B2.png
127,쿠다몬 우메슈,10.0%,리큐르,,와카나미주조,주식회사 일로,https://stage-cdn.veluga.kr/files/supplier/temporary/drinks/182.%E1%84%8C%E1%85%AE%E1%84%89%E1%85%B5%E1%86%A8%E1%84%92%E1%85%AC%E1%84%89%E1%85%A1_%E1%84%8B%E1%85%B5%E1%86%AF%E1%84%85%E1%85%A9_%E1%84%8F%E1%85%AE%E1%84%83%E1%85%A1%E1%84%86%E1%85%A9%E1%86%AB_%E1%84%8B%E1%85%AE%E1%84%86%E1%85%A6%E1%84%89%E1%85%B2.png
128,츠쿠시 우메슈,12.0%,리큐르,,니시요시다주조,주식회사 일로,https://stage-cdn.veluga.kr/files/supplier/temporary/drinks/181.%E1%84%8C%E1%85%AE%E1%84%89%E1%85%B5%E1%86%A8%E1%84%92%E1%85%AC%E1%84%89%E1%85%A1_%E1%84%8B%E1%85%B5%E1%86%AF%E1%84%85%E1%85%A9_%E1%84%8E%E1%85%B3%E1%84%8F%E1%85%AE%E1%84%89%E1%85%B5_%E1%84%8B%E1%85%AE%E1%84%86%E1%85%A6%E1%84%89%E1%85%B2.png
129,머드쉐이크 에스프레소,4.0%,리큐르,,Independent Liquor Nz Limited,(주)인디펜던트리쿼코리아,https://cdn.veluga.kr/files/supplier/310/drinks/21.%E1%84%8C%E1%85%AE%E1%84%8B%E1%85%B5%E1%86%AB%E1%84%83%E1%85%B5%E1%84%91%E1%85%A2%E1%86%AB%E1%84%83%E1%85%A5%E1%86%AB%E1%84%90%E1%85%B3%E1%84%85%E1%85%B5%E1%84%8F%E1%85%AF%E1%84%8F%E1%85%A9%E1%84%85%E1%85%B5%E1%84%8B%E1%85%A1_%E1%84%86%E1%85%A5%E1%84%83%E1%85%B3%E1%84%89%E1%85%B0%E1%84%8B%E1%85%B5%E1%84%8F%E1%85%B3_%E1%84%8B%E1%85%A6%E1%84%89%E1%85%B3%E1%84%91%E1%85%B3%E1%84%85%E1%85%A6%E1%84%89%E1%85%A9.png
130,머드쉐이크 초콜렛,4.0%,리큐르,,Independent Liquor Nz Limited,(주)인디펜던트리쿼코리아,https://cdn.veluga.kr/files/supplier/310/drinks/20.%E1%84%8C%E1%85%AE%E1%84%8B%E1%85%B5%E1%86%AB%E1%84%83%E1%85%B5%E1%84%91%E1%85%A2%E1%86%AB%E1%84%83%E1%85%A5%E1%86%AB%E1%84%90%E1%85%B3%E1%84%85%E1%85%B5%E1%84%8F%E1%85%AF%E1%84%8F%E1%85%A9%E1%84%85%E1%85%B5%E1%84%8B%E1%85%A1_%E1%84%86%E1%85%A5%E1%84%83%E1%85%B3%E1%84%89%E1%85%B0%E1%84%8B%E1%85%B5%E1%84%8F%E1%85%B3_%E1%84%8E%E1%85%A9%E1%84%8F%E1%85%A9%E1%86%AF%E1%84%85%E1%85%A6%E1%86%BA.png
131,KGB 보드카 레몬,5.0%,리큐르,,Independent Liquor Nz Limited,(주)인디펜던트리쿼코리아,https://cdn.veluga.kr/files/supplier/310/drinks/19.%E1%84%8C%E1%85%AE%E1%84%8B%E1%85%B5%E1%86%AB%E1%84%83%E1%85%B5%E1%84%91%E1%85%A2%E1%86%AB%E1%84%83%E1%85%A5%E1%86%AB%E1%84%90%E1%85%B3%E1%84%85%E1%85%B5%E1%84%8F%E1%85%AF%E1%84%8F%E1%85%A9%E1%84%85%E1%85%B5%E1%84%8B%E1%85%A1_KGB_%E1%84%87%E1%85%A9%E1%84%83%E1%85%B3%E1%84%8F%E1%85%A1_%E1%84%85%E1%85%A6%E1%84%86%E1%85%A9%E1%86%AB.png
132,복받은 부라더,11.0%,리큐르,,보해양조(주),보해양조(주),https://cdn.veluga.kr/files/supplier/303/drinks/36.%E1%84%87%E1%85%A9%E1%84%92%E1%85%A2%E1%84%8B%E1%85%A3%E1%86%BC%E1%84%8C%E1%85%A9%E1%84%8C%E1%85%AE_%E1%84%87%E1%85%A9%E1%86%A8%E1%84%87%E1%85%A1%E1%86%AE%E1%84%8B%E1%85%B3%E1%86%AB_%E1%84%87%E1%85%AE%E1%84%85%E1%85%A1%E1%84%83%E1%85%A5.png
133,좋은데이 깔라만시,12.5%,리큐르,,(주)무학,(주)무학,https://cdn.veluga.kr/files/supplier/302/drinks/23.%E1%84%8C%E1%85%AE%E1%84%86%E1%85%AE%E1%84%92%E1%85%A1%E1%86%A8_%E1%84%8C%E1%85%A9%E1%87%82%E1%84%8B%E1%85%B3%E1%86%AB%E1%84%83%E1%85%A6%E1%84%8B%E1%85%B5_%E1%84%81%E1%85%A1%E1%86%AF%E1%84%85%E1%85%A1%E1%84%86%E1%85%A1%E1%86%AB%E1%84%89%E1%85%B5.png
134,좋은데이 민트초코,12.5%,리큐르,,(주)무학,(주)무학,https://cdn.veluga.kr/files/supplier/302/drinks/22.%E1%84%8C%E1%85%AE%E1%84%86%E1%85%AE%E1%84%92%E1%85%A1%E1%86%A8_%E1%84%8C%E1%85%A9%E1%87%82%E1%84%8B%E1%85%B3%E1%86%AB%E1%84%83%E1%85%A6%E1%84%8B%E1%85%B5_%E1%84%86%E1%85%B5%E1%86%AB%E1%84%90%E1%85%B3%E1%84%8E%E1%85%A9%E1%84%8F%E1%85%A9.png
135,좋은데이 블루베리,13.5%,리큐르,,(주)무학,(주)무학,https://cdn.veluga.kr/files/supplier/302/drinks/21.%E1%84%8C%E1%85%AE%E1%84%86%E1%85%AE%E1%84%92%E1%85%A1%E1%86%A8_%E1%84%8C%E1%85%A9%E1%87%82%E1%84%8B%E1%85%B3%E1%86%AB%E1%84%83%E1%85%A6%E1%84%8B%E1%85%B5_%E1%84%87%E1%85%B3%E1%86%AF%E1%84%85%E1%85%AE%E1%84%87%E1%85%A6%E1%84%85%E1%85%B5.png
136,좋은데이 사과,13.5%,리큐르,,(주)무학,(주)무학,https://cdn.veluga.kr/files/supplier/302/drinks/20.%E1%84%8C%E1%85%AE%E1%84%86%E1%85%AE%E1%84%92%E1%85%A1%E1%86%A8_%E1%84%8C%E1%85%A9%E1%87%82%E1%84%8B%E1%85%B3%E1%86%AB%E1%84%83%E1%85%A6%E1%84%8B%E1%85%B5_%E1%84%89%E1%85%A1%E1%84%80%E1%85%AA.png
137,좋은데이 석류,13.5%,리큐르,,(주)무학,(주)무학,https://cdn.veluga.kr/drinks/19940/main/6f4ae6787c9d43a8bab0504053a21f02_Untitled-1.png
138,좋은데이 파인애플,13.5%,리큐르,,(주)무학,(주)무학,https://cdn.veluga.kr/files/supplier/302/drinks/18.%E1%84%8C%E1%85%AE%E1%84%86%E1%85%AE%E1%84%92%E1%85%A1%E1%86%A8_%E1%84%8C%E1%85%A9%E1%87%82%E1%84%8B%E1%85%B3%E1%86%AB%E1%84%83%E1%85%A6%E1%84%8B%E1%85%B5_%E1%84%91%E1%85%A1%E1%84%8B%E1%85%B5%E1%86%AB%E1%84%8B%E1%85%A2%E1%84%91%E1%85%B3%E1%86%AF.png
139,동강 더덕주,20.0%,리큐르,,영월더덕 영농조합법인,한국술유통,https://cdn.veluga.kr/files/supplier/temporary/drinks/72.%E1%84%92%E1%85%A1%E1%86%AB%E1%84%80%E1%85%AE%E1%86%A8%E1%84%89%E1%85%AE%E1%86%AF%E1%84%8B%E1%85%B2%E1%84%90%E1%85%A9%E1%86%BC_%E1%84%83%E1%85%A9%E1%86%BC%E1%84%80%E1%85%A1%E1%86%BC_%E1%84%83%E1%85%A5%E1%84%83%E1%85%A5%E1%86%A8%E1%84%8C%E1%85%AE.png
140,라짜로니 알체르메스,21.0%,리큐르,,Lazzaroni,카보드,https://cdn.veluga.kr/files/supplier/undefined/drinks/449.%E1%84%8F%E1%85%A1%E1%84%87%E1%85%A9%E1%84%83%E1%85%B3_%E1%84%85%E1%85%A1%E1%84%8D%E1%85%A1%E1%84%85%E1%85%A9%E1%84%82%E1%85%B5-%E1%84%8B%E1%85%A1%E1%86%AF%E1%84%8E%E1%85%A6%E1%84%85%E1%85%B3%E1%84%86%E1%85%A6%E1%84%89%E1%85%B3.png
141,라짜로니 프라고리노,25.0%,리큐르,,Lazzaroni,카보드,https://cdn.veluga.kr/files/supplier/undefined/drinks/448.-%E1%84%8F%E1%85%A1%E1%84%87%E1%85%A9%E1%84%83%E1%85%B3_%E1%84%85%E1%85%A1%E1%84%8D%E1%85%A1%E1%84%85%E1%85%A9%E1%84%82%E1%85%B5-%E1%84%91%E1%85%B3%E1%84%85%E1%85%A1%E1%84%80%E1%85%A9%E1%84%85%E1%85%B5%E1%84%82%E1%85%A9.png
142,라짜로니 리몬치노,32.0%,리큐르,,Lazzaroni,카보드,https://cdn.veluga.kr/files/supplier/undefined/drinks/447.%E1%84%8F%E1%85%A1%E1%84%87%E1%85%A9%E1%84%83%E1%85%B3_%E1%84%85%E1%85%A1%E1%84%8D%E1%85%A1%E1%84%85%E1%85%A9%E1%84%82%E1%85%B5-%E1%84%85%E1%85%B5%E1%84%86%E1%85%A9%E1%86%AB%E1%84%8E%E1%85%B5%E1%84%82%E1%85%A9.png
143,라짜로니 삼부카,42.0%,리큐르,,Lazzaroni,카보드,https://cdn.veluga.kr/files/supplier/undefined/drinks/446.%E1%84%8F%E1%85%A1%E1%84%87%E1%85%A9%E1%84%83%E1%85%B3_%E1%84%85%E1%85%A1%E1%84%8D%E1%85%A1%E1%84%85%E1%85%A9%E1%84%82%E1%85%B5-%E1%84%89%E1%85%A1%E1%86%B7%E1%84%87%E1%85%AE%E1%84%8F%E1%85%A1.png
144,라짜로니 마라스치노,25.0%,리큐르,,Lazzaroni,카보드,https://cdn.veluga.kr/files/supplier/undefined/drinks/445.%E1%84%8F%E1%85%A1%E1%84%87%E1%85%A9%E1%84%83%E1%85%B3_%E1%84%85%E1%85%A1%E1%84%8D%E1%85%A1%E1%84%85%E1%85%A9%E1%84%82%E1%85%B5-%E1%84%86%E1%85%A1%E1%84%85%E1%85%A1%E1%84%89%E1%85%B3%E1%84%8E%E1%85%B5%E1%84%82%E1%85%A9.png
145,레헨다리오 엘리시르 데 쿠바,34.0%,리큐르,,Ron Legendario,레헨다리오,https://cdn.veluga.kr/files/supplier/undefined/drinks/1.%E1%84%85%E1%85%A6%E1%84%92%E1%85%A6%E1%86%AB%E1%84%83%E1%85%A1%E1%84%85%E1%85%B5%E1%84%8B%E1%85%A9_%E1%84%85%E1%85%A6%E1%84%92%E1%85%A6%E1%86%AB%E1%84%83%E1%85%A1%E1%84%85%E1%85%B5%E1%84%8B%E1%85%A9_%E1%84%8B%E1%85%A6%E1%86%AF%E1%84%85%E1%85%B5%E1%84%89%E1%85%B5%E1%84%85%E1%85%B3_%E1%84%83%E1%85%A6_%E1%84%8F%E1%85%AE%E1%84%87%E1%85%A1.png
146,타이쿠 시트러스 리큐어,17.0%,리큐르,,Tyku,펀드링크,https://cdn.veluga.kr/files/supplier/undefined/drinks/4.%E1%84%91%E1%85%A5%E1%86%AB%E1%84%83%E1%85%B3%E1%84%85%E1%85%B5%E1%86%BC%E1%84%8F%E1%85%B3_%E1%84%90%E1%85%A1%E1%84%8B%E1%85%B5%E1%84%8F%E1%85%AE_%E1%84%89%E1%85%B5%E1%84%90%E1%85%B3%E1%84%85%E1%85%A5%E1%84%89%E1%85%B3_%E1%84%85%E1%85%B5%E1%84%8F%E1%85%B2%E1%84%8B%E1%85%A5.png
147,아그와 디아블로,20.0%,리큐르,,Agwa,펀드링크,https://cdn.veluga.kr/files/supplier/undefined/drinks/3.%E1%84%91%E1%85%A5%E1%86%AB%E1%84%83%E1%85%B3%E1%84%85%E1%85%B5%E1%86%BC%E1%84%8F%E1%85%B3_%E1%84%8B%E1%85%A1%E1%84%80%E1%85%B3%E1%84%8B%E1%85%AA_%E1%84%83%E1%85%B5%E1%84%8B%E1%85%A1%E1%84%87%E1%85%B3%E1%86%AF%E1%84%85%E1%85%A9.png
148,아그와 디 볼리비아,30.0%,리큐르,,Agwa,펀드링크,https://cdn.veluga.kr/files/supplier/undefined/drinks/2.%E1%84%91%E1%85%A5%E1%86%AB%E1%84%83%E1%85%B3%E1%84%85%E1%85%B5%E1%86%BC%E1%84%8F%E1%85%B3_%E1%84%8B%E1%85%A1%E1%84%80%E1%85%B3%E1%84%8B%E1%85%AA_%E1%84%83%E1%85%B5_%E1%84%87%E1%85%A9%E1%86%AF%E1%84%85%E1%85%B5%E1%84%87%E1%85%B5%E1%84%8B%E1%85%A1.png
149,로사 루미너스 화이트 퓨전,17.0%,리큐르,,Rosa Luminous,진케이스피리츠,https://cdn.veluga.kr/images/drink-fallback.png
150,카누카 루미너스,15.0%,리큐르,,La Huertana Distillery Ltd.,진케이스피리츠,https://cdn.veluga.kr/files/supplier/undefined/drinks/30.%E1%84%8C%E1%85%B5%E1%86%AB%E1%84%8F%E1%85%A6%E1%84%8B%E1%85%B5_%E1%84%8F%E1%85%A1%E1%84%82%E1%85%AE%E1%84%8F%E1%85%A1_%E1%84%85%E1%85%AE%E1%84%86%E1%85%B5%E1%84%82%E1%85%A5%E1%84%89%E1%85%B3.png
151,미러스 스위트 애플,17.0%,리큐르,,La Huertana Distillery Ltd.,진케이스피리츠,https://cdn.veluga.kr/images/drink-fallback.png
152,미러스 스위트 피치,17.0%,리큐르,,La Huertana Distillery Ltd.,진케이스피리츠,https://cdn.veluga.kr/files/supplier/undefined/drinks/27.%E1%84%8C%E1%85%B5%E1%86%AB%E1%84%8F%E1%85%A6%E1%84%8B%E1%85%B5_%E1%84%86%E1%85%B5%E1%84%85%E1%85%A5%E1%84%89%E1%85%B3_%E1%84%89%E1%85%B3%E1%84%8B%E1%85%B1%E1%84%90%E1%85%B3_%E1%84%91%E1%85%B5%E1%84%8E%E1%85%B5.png
153,미러스 멜론,17.0%,리큐르,,La Huertana Distillery Ltd.,진케이스피리츠,https://cdn.veluga.kr/files/supplier/undefined/drinks/26.%E1%84%8C%E1%85%B5%E1%86%AB%E1%84%8F%E1%85%A6%E1%84%8B%E1%85%B5_%E1%84%86%E1%85%B5%E1%84%85%E1%85%A5%E1%84%89%E1%85%B3_%E1%84%86%E1%85%A6%E1%86%AF%E1%84%85%E1%85%A9%E1%86%AB.png
154,미러스 카페,21.0%,리큐르,,La Huertana Distillery Ltd.,진케이스피리츠,https://cdn.veluga.kr/files/supplier/undefined/drinks/20.%E1%84%8C%E1%85%B5%E1%86%AB%E1%84%8F%E1%85%A6%E1%84%8B%E1%85%B5_%E1%84%86%E1%85%B5%E1%84%85%E1%85%A5%E1%84%89%E1%85%B3_%E1%84%8F%E1%85%A1%E1%84%91%E1%85%A6.png
155,로사 루미너스 핑크 퓨전,17.0%,리큐르,,Rosa Luminous,진케이스피리츠,https://cdn.veluga.kr/files/supplier/undefined/drinks/19.%E1%84%8C%E1%85%B5%E1%86%AB%E1%84%8F%E1%85%A6%E1%84%8B%E1%85%B5_%E1%84%85%E1%85%A9%E1%84%89%E1%85%A1_%E1%84%85%E1%85%AE%E1%84%86%E1%85%B5%E1%84%82%E1%85%A5%E1%84%89%E1%85%B3_%E1%84%91%E1%85%B5%E1%86%BC%E1%84%8F%E1%85%B3_%E1%84%91%E1%85%B2%E1%84%8C%E1%85%A5%E1%86%AB.png
156,지베리 우조,40.0%,리큐르,,Jivaeri Ouzo,비즈에프앤비코리아,https://cdn.veluga.kr/files/supplier/undefined/drinks/25.%E1%84%87%E1%85%B5%E1%84%8C%E1%85%B3%E1%84%8B%E1%85%A6%E1%84%91%E1%85%B3%E1%84%8B%E1%85%A2%E1%86%AB%E1%84%87%E1%85%B5_%E1%84%8C%E1%85%B5%E1%84%87%E1%85%A6%E1%84%85%E1%85%B5_%E1%84%8B%E1%85%AE%E1%84%8C%E1%85%A9.png
157,쉬넵스 피치,20.0%,리큐르,,Beveland,비즈에프앤비코리아,https://cdn.veluga.kr/files/supplier/undefined/drinks/24.%E1%84%87%E1%85%B5%E1%84%8C%E1%85%B3%E1%84%8B%E1%85%A6%E1%84%91%E1%85%B3%E1%84%8B%E1%85%A2%E1%86%AB%E1%84%87%E1%85%B5_%E1%84%89%E1%85%B1%E1%84%82%E1%85%A6%E1%86%B8%E1%84%89%E1%85%B3_%E1%84%91%E1%85%B5%E1%84%8E%E1%85%B5.png
158,쉬넵스 스트로베리,20.0%,리큐르,,Beveland,비즈에프앤비코리아,https://cdn.veluga.kr/files/supplier/undefined/drinks/23.%E1%84%87%E1%85%B5%E1%84%8C%E1%85%B3%E1%84%8B%E1%85%A6%E1%84%91%E1%85%B3%E1%84%8B%E1%85%A2%E1%86%AB%E1%84%87%E1%85%B5_%E1%84%89%E1%85%B1%E1%84%82%E1%85%A6%E1%86%B8%E1%84%89%E1%85%B3_%E1%84%89%E1%85%B3%E1%84%90%E1%85%B3%E1%84%85%E1%85%A9%E1%84%87%E1%85%A6%E1%84%85%E1%85%B5.png
159,뜨레스 솜브레로스 시트러스,25.0%,리큐르,,Beveland,비즈에프앤비코리아,https://cdn.veluga.kr/files/supplier/undefined/drinks/22.%E1%84%87%E1%85%B5%E1%84%8C%E1%85%B3%E1%84%8B%E1%85%A6%E1%84%91%E1%85%B3%E1%84%8B%E1%85%A2%E1%86%AB%E1%84%87%E1%85%B5_%E1%84%84%E1%85%B3%E1%84%85%E1%85%A6%E1%84%89%E1%85%B3_%E1%84%89%E1%85%A9%E1%86%B7%E1%84%87%E1%85%B3%E1%84%85%E1%85%A6%E1%84%85%E1%85%A9%E1%84%89%E1%85%B3_%E1%84%89%E1%85%B5%E1%84%90%E1%85%B3%E1%84%85%E1%85%A5%E1%84%89%E1%85%B3.png
160,플로리다쥬스/바띠다 데 코코,16.0%,리큐르,,Beveland,비즈에프앤비코리아,https://cdn.veluga.kr/files/supplier/undefined/drinks/21.%E1%84%87%E1%85%B5%E1%84%8C%E1%85%B3%E1%84%8B%E1%85%A6%E1%84%91%E1%85%B3%E1%84%8B%E1%85%A2%E1%86%AB%E1%84%87%E1%85%B5_%E1%84%91%E1%85%B3%E1%86%AF%E1%84%85%E1%85%A9%E1%84%85%E1%85%B5%E1%84%83%E1%85%A1%E1%84%8C%E1%85%B2%E1%84%89%E1%85%B3_%E1%84%87%E1%85%A1%E1%84%84%E1%85%B5%E1%84%83%E1%85%A1_%E1%84%83%E1%85%A6_%E1%84%8F%E1%85%A9%E1%84%8F%E1%85%A9.png
161,뜨레스 솜브레로스,25.0%,리큐르,,Beveland,비즈에프앤비코리아,https://cdn.veluga.kr/files/supplier/undefined/drinks/20.%E1%84%87%E1%85%B5%E1%84%8C%E1%85%B3%E1%84%8B%E1%85%A6%E1%84%91%E1%85%B3%E1%84%8B%E1%85%A2%E1%86%AB%E1%84%87%E1%85%B5_%E1%84%84%E1%85%B3%E1%84%85%E1%85%A6%E1%84%89%E1%85%B3_%E1%84%89%E1%85%A9%E1%86%B7%E1%84%87%E1%85%B3%E1%84%85%E1%85%A6%E1%84%85%E1%85%A9%E1%84%89%E1%85%B3.png
162,플로리다쥬스/피나콜라다,16.0%,리큐르,,Beveland,비즈에프앤비코리아,https://cdn.veluga.kr/files/supplier/undefined/drinks/19.%E1%84%87%E1%85%B5%E1%84%8C%E1%85%B3%E1%84%8B%E1%85%A6%E1%84%91%E1%85%B3%E1%84%8B%E1%85%A2%E1%86%AB%E1%84%87%E1%85%B5_%E1%84%91%E1%85%B3%E1%86%AF%E1%84%85%E1%85%A9%E1%84%85%E1%85%B5%E1%84%83%E1%85%A1%E1%84%8C%E1%85%B2%E1%84%89%E1%85%B3_%E1%84%91%E1%85%B5%E1%84%82%E1%85%A1%E1%84%8F%E1%85%A9%E1%86%AF%E1%84%85%E1%85%A1%E1%84%83%E1%85%A1.png
163,쉬넵스 그린 애플,20.0%,리큐르,,Beveland,비즈에프앤비코리아,https://cdn.veluga.kr/files/supplier/undefined/drinks/18.%E1%84%87%E1%85%B5%E1%84%8C%E1%85%B3%E1%84%8B%E1%85%A6%E1%84%91%E1%85%B3%E1%84%8B%E1%85%A2%E1%86%AB%E1%84%87%E1%85%B5_%E1%84%89%E1%85%B1%E1%84%82%E1%85%A6%E1%86%B8%E1%84%89%E1%85%B3_%E1%84%80%E1%85%B3%E1%84%85%E1%85%B5%E1%86%AB_%E1%84%8B%E1%85%A2%E1%84%91%E1%85%B3%E1%86%AF.png
164,포에버 트리플섹,16.9%,리큐르,,Slaur,비즈에프앤비코리아,https://cdn.veluga.kr/images/drink-fallback.png
165,미스터블랙 커피리큐르,27.0%,리큐르,,MR.BLACK ROASTERS & DISTILLERS,유픽,https://cdn.veluga.kr/files/supplier/undefined/drinks/35.%E1%84%8B%E1%85%B2%E1%84%91%E1%85%B5%E1%86%A8_%E1%84%86%E1%85%B5%E1%84%89%E1%85%B3%E1%84%90%E1%85%A5%E1%84%87%E1%85%B3%E1%86%AF%E1%84%85%E1%85%A2%E1%86%A8_%E1%84%8F%E1%85%A5%E1%84%91%E1%85%B5%E1%84%85%E1%85%B5%E1%84%8F%E1%85%B2%E1%84%85%E1%85%B3.png
166,샴보드,16.5%,리큐르,,Chambord & Cie,브라운포맨코리아,https://cdn.veluga.kr/files/supplier/undefined/drinks/25.%E1%84%87%E1%85%B3%E1%84%85%E1%85%A1%E1%84%8B%E1%85%AE%E1%86%AB%E1%84%91%E1%85%A9%E1%84%86%E1%85%A2%E1%86%AB_%E1%84%89%E1%85%A3%E1%86%B7%E1%84%87%E1%85%A9%E1%84%83%E1%85%B3.png
167,드람브이,40.0%,리큐르,,The Drambuie Liqueur Co.Ltd.,윌리엄그랜트앤선즈코리아,https://cdn.veluga.kr/files/supplier/undefined/drinks/33.%E1%84%8B%E1%85%B1%E1%86%AF%E1%84%85%E1%85%B5%E1%84%8B%E1%85%A5%E1%86%B7%E1%84%80%E1%85%B3%E1%84%85%E1%85%A2%E1%86%AB%E1%84%90%E1%85%B3_%E1%84%83%E1%85%B3%E1%84%85%E1%85%A1%E1%86%B7%E1%84%87%E1%85%B3%E1%84%8B%E1%85%B5.png
168,마리브리자드 그랑드 오렌지,40.0%,리큐르,,MARIE BRIZARD,벨베다코리아,https://cdn.veluga.kr/files/supplier/undefined/drinks/30._%E1%84%87%E1%85%A6%E1%86%AF%E1%84%87%E1%85%A6%E1%84%83%E1%85%A1%E1%84%8F%E1%85%A9%E1%84%85%E1%85%B5%E1%84%8B%E1%85%A1_%E1%84%86%E1%85%A1%E1%84%85%E1%85%B5%E1%84%87%E1%85%B3%E1%84%85%E1%85%B5%E1%84%8C%E1%85%A1%E1%84%83%E1%85%B3_%E1%84%80%E1%85%B3%E1%84%85%E1%85%A1%E1%86%BC%E1%84%83%E1%85%B3_%E1%84%8B%E1%85%A9%E1%84%85%E1%85%A6%E1%86%AB%E1%84%8C%E1%85%B5.png
169,마리브리자드 시나몬,30.0%,리큐르,,MARIE BRIZARD,벨베다코리아,https://cdn.veluga.kr/files/supplier/undefined/drinks/29._%E1%84%87%E1%85%A6%E1%86%AF%E1%84%87%E1%85%A6%E1%84%83%E1%85%A1%E1%84%8F%E1%85%A9%E1%84%85%E1%85%B5%E1%84%8B%E1%85%A1_%E1%84%86%E1%85%A1%E1%84%85%E1%85%B5%E1%84%87%E1%85%B3%E1%84%85%E1%85%B5%E1%84%8C%E1%85%A1%E1%84%83%E1%85%B3_%E1%84%89%E1%85%B5%E1%84%82%E1%85%A1%E1%84%86%E1%85%A9%E1%86%AB.png
170,마리브리자드 로즈마리,30.0%,리큐르,,MARIE BRIZARD,벨베다코리아,https://cdn.veluga.kr/files/supplier/undefined/drinks/28._%E1%84%87%E1%85%A6%E1%86%AF%E1%84%87%E1%85%A6%E1%84%83%E1%85%A1%E1%84%8F%E1%85%A9%E1%84%85%E1%85%B5%E1%84%8B%E1%85%A1_%E1%84%86%E1%85%A1%E1%84%85%E1%85%B5%E1%84%87%E1%85%B3%E1%84%85%E1%85%B5%E1%84%8C%E1%85%A1%E1%84%83%E1%85%B3_%E1%84%85%E1%85%A9%E1%84%8C%E1%85%B3%E1%84%86%E1%85%A1%E1%84%85%E1%85%B5.png
171,마리브리자드 스파이시믹스,30.0%,리큐르,,MARIE BRIZARD,벨베다코리아,https://cdn.veluga.kr/files/supplier/undefined/drinks/27._%E1%84%87%E1%85%A6%E1%86%AF%E1%84%87%E1%85%A6%E1%84%83%E1%85%A1%E1%84%8F%E1%85%A9%E1%84%85%E1%85%B5%E1%84%8B%E1%85%A1_%E1%84%86%E1%85%A1%E1%84%85%E1%85%B5%E1%84%87%E1%85%B3%E1%84%85%E1%85%B5%E1%84%8C%E1%85%A1%E1%84%83%E1%85%B3_%E1%84%89%E1%85%B3%E1%84%91%E1%85%A1%E1%84%8B%E1%85%B5%E1%84%89%E1%85%B5%E1%84%86%E1%85%B5%E1%86%A8%E1%84%89%E1%85%B3.png
172,마리브리자드 티,30.0%,리큐르,,MARIE BRIZARD,벨베다코리아,https://cdn.veluga.kr/files/supplier/undefined/drinks/26._%E1%84%87%E1%85%A6%E1%86%AF%E1%84%87%E1%85%A6%E1%84%83%E1%85%A1%E1%84%8F%E1%85%A9%E1%84%85%E1%85%B5%E1%84%8B%E1%85%A1_%E1%84%86%E1%85%A1%E1%84%85%E1%85%B5%E1%84%87%E1%85%B3%E1%84%85%E1%85%B5%E1%84%8C%E1%85%A1%E1%84%83%E1%85%B3_%E1%84%90%E1%85%B5.png
173,마리브리자드 코코넛 블러,20.0%,리큐르,,MARIE BRIZARD,벨베다코리아,https://cdn.veluga.kr/files/supplier/undefined/drinks/25._%E1%84%87%E1%85%A6%E1%86%AF%E1%84%87%E1%85%A6%E1%84%83%E1%85%A1%E1%84%8F%E1%85%A9%E1%84%85%E1%85%B5%E1%84%8B%E1%85%A1_%E1%84%86%E1%85%A1%E1%84%85%E1%85%B5%E1%84%87%E1%85%B3%E1%84%85%E1%85%B5%E1%84%8C%E1%85%A1%E1%84%83%E1%85%B3_%E1%84%8F%E1%85%A9%E1%84%8F%E1%85%A9%E1%84%82%E1%85%A5%E1%86%BA_%E1%84%87%E1%85%B3%E1%86%AF%E1%84%85%E1%85%A5.png
174,마리브리자드 피치 샷,17.0%,리큐르,,MARIE BRIZARD,벨베다코리아,https://cdn.veluga.kr/files/supplier/undefined/drinks/24._%E1%84%87%E1%85%A6%E1%86%AF%E1%84%87%E1%85%A6%E1%84%83%E1%85%A1%E1%84%8F%E1%85%A9%E1%84%85%E1%85%B5%E1%84%8B%E1%85%A1_%E1%84%86%E1%85%A1%E1%84%85%E1%85%B5%E1%84%87%E1%85%B3%E1%84%85%E1%85%B5%E1%84%8C%E1%85%A1%E1%84%83%E1%85%B3_%E1%84%91%E1%85%B5%E1%84%8E%E1%85%B5_%E1%84%89%E1%85%A3%E1%86%BA.png
175,마리브리자드 워터멜론 샷,17.0%,리큐르,,MARIE BRIZARD,벨베다코리아,https://cdn.veluga.kr/files/supplier/undefined/drinks/23._%E1%84%87%E1%85%A6%E1%86%AF%E1%84%87%E1%85%A6%E1%84%83%E1%85%A1%E1%84%8F%E1%85%A9%E1%84%85%E1%85%B5%E1%84%8B%E1%85%A1_%E1%84%86%E1%85%A1%E1%84%85%E1%85%B5%E1%84%87%E1%85%B3%E1%84%85%E1%85%B5%E1%84%8C%E1%85%A1%E1%84%83%E1%85%B3_%E1%84%8B%E1%85%AF%E1%84%90%E1%85%A5%E1%84%86%E1%85%A6%E1%86%AF%E1%84%85%E1%85%A9%E1%86%AB_%E1%84%89%E1%85%A3%E1%86%BA.png
176,마리브리자드 코코넛 샷,17.0%,리큐르,,MARIE BRIZARD,벨베다코리아,https://cdn.veluga.kr/files/supplier/undefined/drinks/22._%E1%84%87%E1%85%A6%E1%86%AF%E1%84%87%E1%85%A6%E1%84%83%E1%85%A1%E1%84%8F%E1%85%A9%E1%84%85%E1%85%B5%E1%84%8B%E1%85%A1_%E1%84%86%E1%85%A1%E1%84%85%E1%85%B5%E1%84%87%E1%85%B3%E1%84%85%E1%85%B5%E1%84%8C%E1%85%A1%E1%84%83%E1%85%B3_%E1%84%8F%E1%85%A9%E1%84%8F%E1%85%A9%E1%84%82%E1%85%A5%E1%86%BA_%E1%84%89%E1%85%A3%E1%86%BA.png
177,마리브리자드 그린 메론,17.0%,리큐르,,MARIE BRIZARD,벨베다코리아,https://cdn.veluga.kr/files/supplier/undefined/drinks/21._%E1%84%87%E1%85%A6%E1%86%AF%E1%84%87%E1%85%A6%E1%84%83%E1%85%A1%E1%84%8F%E1%85%A9%E1%84%85%E1%85%B5%E1%84%8B%E1%85%A1_%E1%84%86%E1%85%A1%E1%84%85%E1%85%B5%E1%84%87%E1%85%B3%E1%84%85%E1%85%B5%E1%84%8C%E1%85%A1%E1%84%83%E1%85%B3_%E1%84%80%E1%85%B3%E1%84%85%E1%85%B5%E1%86%AB_%E1%84%86%E1%85%A6%E1%84%85%E1%85%A9%E1%86%AB.png
178,마리브리자드 파이니스 오렌지,40.0%,리큐르,,MARIE BRIZARD,벨베다코리아,https://cdn.veluga.kr/files/supplier/undefined/drinks/20._%E1%84%87%E1%85%A6%E1%86%AF%E1%84%87%E1%85%A6%E1%84%83%E1%85%A1%E1%84%8F%E1%85%A9%E1%84%85%E1%85%B5%E1%84%8B%E1%85%A1_%E1%84%86%E1%85%A1%E1%84%85%E1%85%B5%E1%84%87%E1%85%B3%E1%84%85%E1%85%B5%E1%84%8C%E1%85%A1%E1%84%83%E1%85%B3_%E1%84%91%E1%85%A1%E1%84%8B%E1%85%B5%E1%84%82%E1%85%B5%E1%84%89%E1%85%B3_%E1%84%8B%E1%85%A9%E1%84%85%E1%85%A6%E1%86%AB%E1%84%8C%E1%85%B5.png
179,마리브리자드 아니스,25.0%,리큐르,,MARIE BRIZARD,벨베다코리아,https://cdn.veluga.kr/files/supplier/undefined/drinks/19._%E1%84%87%E1%85%A6%E1%86%AF%E1%84%87%E1%85%A6%E1%84%83%E1%85%A1%E1%84%8F%E1%85%A9%E1%84%85%E1%85%B5%E1%84%8B%E1%85%A1_%E1%84%86%E1%85%A1%E1%84%85%E1%85%B5%E1%84%87%E1%85%B3%E1%84%85%E1%85%B5%E1%84%8C%E1%85%A1%E1%84%83%E1%85%B3_%E1%84%8B%E1%85%A1%E1%84%82%E1%85%B5%E1%84%89%E1%85%B3.png
180,마리브리자드 파르페 아모르,25.0%,리큐르,,MARIE BRIZARD,벨베다코리아,https://cdn.veluga.kr/files/supplier/undefined/drinks/18._%E1%84%87%E1%85%A6%E1%86%AF%E1%84%87%E1%85%A6%E1%84%83%E1%85%A1%E1%84%8F%E1%85%A9%E1%84%85%E1%85%B5%E1%84%8B%E1%85%A1_%E1%84%86%E1%85%A1%E1%84%85%E1%85%B5%E1%84%87%E1%85%B3%E1%84%85%E1%85%B5%E1%84%8C%E1%85%A1%E1%84%83%E1%85%B3_%E1%84%91%E1%85%A1%E1%84%85%E1%85%B3%E1%84%91%E1%85%A6_%E1%84%8B%E1%85%A1%E1%84%86%E1%85%A9%E1%84%85%E1%85%B3.png
181,마리브리자드 졸리체리,24.0%,리큐르,,MARIE BRIZARD,벨베다코리아,https://cdn.veluga.kr/files/supplier/undefined/drinks/17._%E1%84%87%E1%85%A6%E1%86%AF%E1%84%87%E1%85%A6%E1%84%83%E1%85%A1%E1%84%8F%E1%85%A9%E1%84%85%E1%85%B5%E1%84%8B%E1%85%A1_%E1%84%86%E1%85%A1%E1%84%85%E1%85%B5%E1%84%87%E1%85%B3%E1%84%85%E1%85%B5%E1%84%8C%E1%85%A1%E1%84%83%E1%85%B3_%E1%84%8C%E1%85%A9%E1%86%AF%E1%84%85%E1%85%B5%E1%84%8E%E1%85%A6%E1%84%85%E1%85%B5.png
182,마리브리자드 에프리코트,20.0%,리큐르,,MARIE BRIZARD,벨베다코리아,https://cdn.veluga.kr/files/supplier/undefined/drinks/16._%E1%84%87%E1%85%A6%E1%86%AF%E1%84%87%E1%85%A6%E1%84%83%E1%85%A1%E1%84%8F%E1%85%A9%E1%84%85%E1%85%B5%E1%84%8B%E1%85%A1_%E1%84%86%E1%85%A1%E1%84%85%E1%85%B5%E1%84%87%E1%85%B3%E1%84%85%E1%85%B5%E1%84%8C%E1%85%A1%E1%84%83%E1%85%B3_%E1%84%8B%E1%85%A6%E1%84%91%E1%85%B3%E1%84%85%E1%85%B5%E1%84%8F%E1%85%A9%E1%84%90%E1%85%B3.png
183,마리브리자드 엘더플라워,20.0%,리큐르,,MARIE BRIZARD,벨베다코리아,https://cdn.veluga.kr/files/supplier/undefined/drinks/15._%E1%84%87%E1%85%A6%E1%86%AF%E1%84%87%E1%85%A6%E1%84%83%E1%85%A1%E1%84%8F%E1%85%A9%E1%84%85%E1%85%B5%E1%84%8B%E1%85%A1_%E1%84%86%E1%85%A1%E1%84%85%E1%85%B5%E1%84%87%E1%85%B3%E1%84%85%E1%85%B5%E1%84%8C%E1%85%A1%E1%84%83%E1%85%B3_%E1%84%8B%E1%85%A6%E1%86%AF%E1%84%83%E1%85%A5%E1%84%91%E1%85%B3%E1%86%AF%E1%84%85%E1%85%A1%E1%84%8B%E1%85%AF.png
184,마리브리자드 바나나,25.0%,리큐르,,MARIE BRIZARD,벨베다코리아,https://cdn.veluga.kr/files/supplier/undefined/drinks/14._%E1%84%87%E1%85%A6%E1%86%AF%E1%84%87%E1%85%A6%E1%84%83%E1%85%A1%E1%84%8F%E1%85%A9%E1%84%85%E1%85%B5%E1%84%8B%E1%85%A1_%E1%84%86%E1%85%A1%E1%84%85%E1%85%B5%E1%84%87%E1%85%B3%E1%84%85%E1%85%B5%E1%84%8C%E1%85%A1%E1%84%83%E1%85%B3_%E1%84%87%E1%85%A1%E1%84%82%E1%85%A1%E1%84%82%E1%85%A1.png
185,마리브리자드 블루 큐라소,25.0%,리큐르,,MARIE BRIZARD,벨베다코리아,https://cdn.veluga.kr/files/supplier/undefined/drinks/13._%E1%84%87%E1%85%A6%E1%86%AF%E1%84%87%E1%85%A6%E1%84%83%E1%85%A1%E1%84%8F%E1%85%A9%E1%84%85%E1%85%B5%E1%84%8B%E1%85%A1_%E1%84%86%E1%85%A1%E1%84%85%E1%85%B5%E1%84%87%E1%85%B3%E1%84%85%E1%85%B5%E1%84%8C%E1%85%A1%E1%84%83%E1%85%B3_%E1%84%87%E1%85%B3%E1%86%AF%E1%84%85%E1%85%AE_%E1%84%8F%E1%85%B2%E1%84%85%E1%85%A1%E1%84%89%E1%85%A9.png
186,마리브리자드 트리플섹,23.0%,리큐르,,MARIE BRIZARD,벨베다코리아,https://cdn.veluga.kr/files/supplier/undefined/drinks/12._%E1%84%87%E1%85%A6%E1%86%AF%E1%84%87%E1%85%A6%E1%84%83%E1%85%A1%E1%84%8F%E1%85%A9%E1%84%85%E1%85%B5%E1%84%8B%E1%85%A1_%E1%84%86%E1%85%A1%E1%84%85%E1%85%B5%E1%84%87%E1%85%B3%E1%84%85%E1%85%B5%E1%84%8C%E1%85%A1%E1%84%83%E1%85%B3_%E1%84%90%E1%85%B3%E1%84%85%E1%85%B5%E1%84%91%E1%85%B3%E1%86%AF%E1%84%89%E1%85%A6%E1%86%A8.png
187,마리브리자드 피치,18.0%,리큐르,,MARIE BRIZARD,벨베다코리아,https://cdn.veluga.kr/files/supplier/undefined/drinks/11._%E1%84%87%E1%85%A6%E1%86%AF%E1%84%87%E1%85%A6%E1%84%83%E1%85%A1%E1%84%8F%E1%85%A9%E1%84%85%E1%85%B5%E1%84%8B%E1%85%A1_%E1%84%86%E1%85%A1%E1%84%85%E1%85%B5%E1%84%87%E1%85%B3%E1%84%85%E1%85%B5%E1%84%8C%E1%85%A1%E1%84%83%E1%85%B3_%E1%84%91%E1%85%B5%E1%84%8E%E1%85%B5.png
188,마리브리자드 스트로베리,18.0%,리큐르,,MARIE BRIZARD,벨베다코리아,https://cdn.veluga.kr/files/supplier/undefined/drinks/10._%E1%84%87%E1%85%A6%E1%86%AF%E1%84%87%E1%85%A6%E1%84%83%E1%85%A1%E1%84%8F%E1%85%A9%E1%84%85%E1%85%B5%E1%84%8B%E1%85%A1_%E1%84%86%E1%85%A1%E1%84%85%E1%85%B5%E1%84%87%E1%85%B3%E1%84%85%E1%85%B5%E1%84%8C%E1%85%A1%E1%84%83%E1%85%B3_%E1%84%89%E1%85%B3%E1%84%90%E1%85%B3%E1%84%85%E1%85%A9%E1%84%87%E1%85%A6%E1%84%85%E1%85%B5.png
189,마리브리자드 라즈베리,16.0%,리큐르,,MARIE BRIZARD,벨베다코리아,https://cdn.veluga.kr/files/supplier/undefined/drinks/9._%E1%84%87%E1%85%A6%E1%86%AF%E1%84%87%E1%85%A6%E1%84%83%E1%85%A1%E1%84%8F%E1%85%A9%E1%84%85%E1%85%B5%E1%84%8B%E1%85%A1_%E1%84%86%E1%85%A1%E1%84%85%E1%85%B5%E1%84%87%E1%85%B3%E1%84%85%E1%85%B5%E1%84%8C%E1%85%A1%E1%84%83%E1%85%B3_%E1%84%85%E1%85%A1%E1%84%8C%E1%85%B3%E1%84%87%E1%85%A6%E1%84%85%E1%85%B5.png
190,마리브리자드 아마레또,28.0%,리큐르,,MARIE BRIZARD,벨베다코리아,https://cdn.veluga.kr/files/supplier/undefined/drinks/8._%E1%84%87%E1%85%A6%E1%86%AF%E1%84%87%E1%85%A6%E1%84%83%E1%85%A1%E1%84%8F%E1%85%A9%E1%84%85%E1%85%B5%E1%84%8B%E1%85%A1_%E1%84%86%E1%85%A1%E1%84%85%E1%85%B5%E1%84%87%E1%85%B3%E1%84%85%E1%85%B5%E1%84%8C%E1%85%A1%E1%84%83%E1%85%B3_%E1%84%8B%E1%85%A1%E1%84%86%E1%85%A1%E1%84%85%E1%85%A6%E1%84%84%E1%85%A9.png
191,마리브리자드 카시스,20.0%,리큐르,,MARIE BRIZARD,벨베다코리아,https://cdn.veluga.kr/files/supplier/undefined/drinks/7._%E1%84%87%E1%85%A6%E1%86%AF%E1%84%87%E1%85%A6%E1%84%83%E1%85%A1%E1%84%8F%E1%85%A9%E1%84%85%E1%85%B5%E1%84%8B%E1%85%A1_%E1%84%86%E1%85%A1%E1%84%85%E1%85%B5%E1%84%87%E1%85%B3%E1%84%85%E1%85%B5%E1%84%8C%E1%85%A1%E1%84%83%E1%85%B3_%E1%84%8F%E1%85%A1%E1%84%89%E1%85%B5%E1%84%89%E1%85%B3.png
192,마리브리자드 민트 화이트,23.0%,리큐르,,MARIE BRIZARD,벨베다코리아,https://cdn.veluga.kr/files/supplier/undefined/drinks/6._%E1%84%87%E1%85%A6%E1%86%AF%E1%84%87%E1%85%A6%E1%84%83%E1%85%A1%E1%84%8F%E1%85%A9%E1%84%85%E1%85%B5%E1%84%8B%E1%85%A1_%E1%84%86%E1%85%A1%E1%84%85%E1%85%B5%E1%84%87%E1%85%B3%E1%84%85%E1%85%B5%E1%84%8C%E1%85%A1%E1%84%83%E1%85%B3_%E1%84%86%E1%85%B5%E1%86%AB%E1%84%90%E1%85%B3_%E1%84%92%E1%85%AA%E1%84%8B%E1%85%B5%E1%84%90%E1%85%B3.png
193,마리브리자드 민트그린,25.0%,리큐르,,MARIE BRIZARD,벨베다코리아,https://cdn.veluga.kr/files/supplier/undefined/drinks/5._%E1%84%87%E1%85%A6%E1%86%AF%E1%84%87%E1%85%A6%E1%84%83%E1%85%A1%E1%84%8F%E1%85%A9%E1%84%85%E1%85%B5%E1%84%8B%E1%85%A1_%E1%84%86%E1%85%A1%E1%84%85%E1%85%B5%E1%84%87%E1%85%B3%E1%84%85%E1%85%B5%E1%84%8C%E1%85%A1%E1%84%83%E1%85%B3_%E1%84%86%E1%85%B5%E1%86%AB%E1%84%90%E1%85%B3%E1%84%80%E1%85%B3%E1%84%85%E1%85%B5%E1%86%AB.png
194,마리브리자드 카페,25.0%,리큐르,,MARIE BRIZARD,벨베다코리아,https://cdn.veluga.kr/files/supplier/undefined/drinks/4._%E1%84%87%E1%85%A6%E1%86%AF%E1%84%87%E1%85%A6%E1%84%83%E1%85%A1%E1%84%8F%E1%85%A9%E1%84%85%E1%85%B5%E1%84%8B%E1%85%A1_%E1%84%86%E1%85%A1%E1%84%85%E1%85%B5%E1%84%87%E1%85%B3%E1%84%85%E1%85%B5%E1%84%8C%E1%85%A1%E1%84%83%E1%85%B3_%E1%84%8F%E1%85%A1%E1%84%91%E1%85%A6.png
195,마리브리자드 오렌지 큐라소,30.0%,리큐르,,MARIE BRIZARD,벨베다코리아,https://cdn.veluga.kr/files/supplier/undefined/drinks/3._%E1%84%87%E1%85%A6%E1%86%AF%E1%84%87%E1%85%A6%E1%84%83%E1%85%A1%E1%84%8F%E1%85%A9%E1%84%85%E1%85%B5%E1%84%8B%E1%85%A1_%E1%84%86%E1%85%A1%E1%84%85%E1%85%B5%E1%84%87%E1%85%B3%E1%84%85%E1%85%B5%E1%84%8C%E1%85%A1%E1%84%83%E1%85%B3_%E1%84%8B%E1%85%A9%E1%84%85%E1%85%A6%E1%86%AB%E1%84%8C%E1%85%B5_%E1%84%8F%E1%85%B2%E1%84%85%E1%85%A1%E1%84%89%E1%85%A9.png
196,마리브리자드 카카오 브라운,25.0%,리큐르,,MARIE BRIZARD,벨베다코리아,https://cdn.veluga.kr/files/supplier/undefined/drinks/2._%E1%84%87%E1%85%A6%E1%86%AF%E1%84%87%E1%85%A6%E1%84%83%E1%85%A1%E1%84%8F%E1%85%A9%E1%84%85%E1%85%B5%E1%84%8B%E1%85%A1_%E1%84%86%E1%85%A1%E1%84%85%E1%85%B5%E1%84%87%E1%85%B3%E1%84%85%E1%85%B5%E1%84%8C%E1%85%A1%E1%84%83%E1%85%B3_%E1%84%8F%E1%85%A1%E1%84%8F%E1%85%A1%E1%84%8B%E1%85%A9_%E1%84%87%E1%85%B3%E1%84%85%E1%85%A1%E1%84%8B%E1%85%AE%E1%86%AB.png
197,마리브리자드 카카오 화이트,25.0%,리큐르,,MARIE BRIZARD,벨베다코리아,https://cdn.veluga.kr/files/supplier/undefined/drinks/1._%E1%84%87%E1%85%A6%E1%86%AF%E1%84%87%E1%85%A6%E1%84%83%E1%85%A1%E1%84%8F%E1%85%A9%E1%84%85%E1%85%B5%E1%84%8B%E1%85%A1_%E1%84%86%E1%85%A1%E1%84%85%E1%85%B5%E1%84%87%E1%85%B3%E1%84%85%E1%85%B5%E1%84%8C%E1%85%A1%E1%84%83%E1%85%B3_%E1%84%8F%E1%85%A1%E1%84%8F%E1%85%A1%E1%84%8B%E1%85%A9_%E1%84%92%E1%85%AA%E1%84%8B%E1%85%B5%E1%84%90%E1%85%B3.png
198,가야 그라파 바르바레스코,42.0%,리큐르,,Gaja,신동와인,https://cdn.veluga.kr/files/supplier/undefined/drinks/151.%E1%84%89%E1%85%B5%E1%86%AB%E1%84%83%E1%85%A9%E1%86%BC%E1%84%8B%E1%85%AA%E1%84%8B%E1%85%B5%E1%86%AB_%E1%84%80%E1%85%A1%E1%84%8B%E1%85%A3-%E1%84%80%E1%85%B3%E1%84%85%E1%85%A1%E1%84%91%E1%85%A1-%E1%84%87%E1%85%A1%E1%84%85%E1%85%B3%E1%84%87%E1%85%A1%E1%84%85%E1%85%A6%E1%84%89%E1%85%B3%E1%84%8F%E1%85%A9.png
199,미도리,20.0%,리큐르,,MIDORI,빔산토리코리아,https://cdn.veluga.kr/files/supplier/146/drinks/beamsantory_midori.png
200,베일리스 스트로베리향 크림,17.0%,리큐르,,DIAGEO BAILEYS GLOBAL SUPPLY,디아지오코리아,https://cdn.veluga.kr/files/supplier/undefined/drinks/86.%E1%84%83%E1%85%B5%E1%84%8B%E1%85%A1%E1%84%8C%E1%85%B5%E1%84%8B%E1%85%A9%E1%84%8F%E1%85%A9%E1%84%85%E1%85%B5%E1%84%8B%E1%85%A1_%E1%84%87%E1%85%A6%E1%84%8B%E1%85%B5%E1%86%AF%E1%84%85%E1%85%B5%E1%84%89%E1%85%B3_%E1%84%89%E1%85%B3%E1%84%90%E1%85%B3%E1%84%85%E1%85%A9%E1%84%87%E1%85%A6%E1%84%85%E1%85%B5%E1%84%92%E1%85%A3%E1%86%BC_%E1%84%8F%E1%85%B3%E1%84%85%E1%85%B5%E1%86%B7.png
201,베일리스,17.0%,리큐르,,DIAGEO BAILEYS GLOBAL SUPPLY,디아지오코리아,https://cdn.veluga.kr/files/supplier/undefined/drinks/85.%E1%84%83%E1%85%B5%E1%84%8B%E1%85%A1%E1%84%8C%E1%85%B5%E1%84%8B%E1%85%A9%E1%84%8F%E1%85%A9%E1%84%85%E1%85%B5%E1%84%8B%E1%85%A1_%E1%84%87%E1%85%A6%E1%84%8B%E1%85%B5%E1%86%AF%E1%84%85%E1%85%B5%E1%84%89%E1%85%B3.png
202,리카,45.0%,리큐르,,RICARD S.A.S,페르노리카코리아,https://cdn.veluga.kr/files/supplier/undefined/drinks/15._%E1%84%91%E1%85%A6%E1%84%85%E1%85%B3%E1%84%82%E1%85%A9%E1%84%85%E1%85%B5%E1%84%8F%E1%85%A1%E1%84%8F%E1%85%A9%E1%84%85%E1%85%B5%E1%84%8B%E1%85%A1_%E1%84%85%E1%85%B5%E1%84%8F%E1%85%A1.png
203,깔루아 에스프레소 마티니,4.5%,리큐르,,REFRESCO BENELUX BV,페르노리카코리아,https://cdn.veluga.kr/files/supplier/undefined/drinks/3._%E1%84%91%E1%85%A6%E1%84%85%E1%85%B3%E1%84%82%E1%85%A9%E1%84%85%E1%85%B5%E1%84%8F%E1%85%A1%E1%84%8F%E1%85%A9%E1%84%85%E1%85%B5%E1%84%8B%E1%85%A1_%E1%84%81%E1%85%A1%E1%86%AF%E1%84%85%E1%85%AE%E1%84%8B%E1%85%A1_%E1%84%8B%E1%85%A6%E1%84%89%E1%85%B3%E1%84%91%E1%85%B3%E1%84%85%E1%85%A6%E1%84%89%E1%85%A9_%E1%84%86%E1%85%A1%E1%84%90%E1%85%B5%E1%84%82%E1%85%B5.png
204,깔루아 민트모카,20.0%,리큐르,,"PERNOD RICARD USA, LLC",페르노리카코리아,https://cdn.veluga.kr/files/supplier/undefined/drinks/2._%E1%84%91%E1%85%A6%E1%84%85%E1%85%B3%E1%84%82%E1%85%A9%E1%84%85%E1%85%B5%E1%84%8F%E1%85%A1%E1%84%8F%E1%85%A9%E1%84%85%E1%85%B5%E1%84%8B%E1%85%A1_%E1%84%81%E1%85%A1%E1%86%AF%E1%84%85%E1%85%AE%E1%84%8B%E1%85%A1_%E1%84%86%E1%85%B5%E1%86%AB%E1%84%90%E1%85%B3%E1%84%86%E1%85%A9%E1%84%8F%E1%85%A1.png
205,깔루아,20.0%,리큐르,,"PERNOD RICARD USA, LLC",페르노리카코리아,https://cdn.veluga.kr/files/supplier/undefined/drinks/1._%E1%84%91%E1%85%A6%E1%84%85%E1%85%B3%E1%84%82%E1%85%A9%E1%84%85%E1%85%B5%E1%84%8F%E1%85%A1%E1%84%8F%E1%85%A9%E1%84%85%E1%85%B5%E1%84%8B%E1%85%A1_%E1%84%81%E1%85%A1%E1%86%AF%E1%84%85%E1%85%AE%E1%84%8B%E1%85%A1.png
206,이모꼬,25.0%,일반 소주,증류식,오오시마주조,(주)엘오엘,https://cdn.veluga.kr/files/supplier/341/drinks/24901_Main_-_IMOKKO.png
207,이제우린,16.5%,일반 소주,,맥키스컴퍼니,맥키스컴퍼니,https://cdn.veluga.kr/drinks/21469/main/e1debef7b20f42978f1ba5688fb6ef9b_486f3bbe3ff140e386f4eea5ffe88f5f_%E1%84%8B%E1%85%B5%E1%84%8C%E1%85%A6%E1%84%8B%E1%85%AE%E1%84%85%E1%85%B5%E1%86%AB.png
208,529,20.0%,일반 소주,증류식,오오시마주조,(주)엘오엘,https://cdn.veluga.kr/files/supplier/341/drinks/23821_Main_-_529.png
209,처음처럼 새로,16.0%,일반 소주,희석식,롯데칠성음료,롯데칠성음료 국내부문,https://cdn.veluga.kr/drinks/0/main/5950adf3b49d4bd7a132bed33152f77b_%E1%84%89%E1%85%A2%E1%84%85%E1%85%A9.png
210,진로 1924 헤리티지,30.0%,일반 소주,증류식,하이트진로 국산,하이트진로 국산,https://cdn.veluga.kr/drinks/0/main/7330fa262ead4c788774b41dc05f4298_art_16593304374028_3e7a77.png
211,대장부,25.0%,일반 소주,증류식,롯데칠성음료,롯데칠성음료 국내부문,https://cdn.veluga.kr/files/supplier/155/drinks/41.%E1%84%85%E1%85%A9%E1%86%BA%E1%84%83%E1%85%A6%E1%84%8E%E1%85%B5%E1%86%AF%E1%84%89%E1%85%A5%E1%86%BC%E1%84%8B%E1%85%B3%E1%86%B7%E1%84%85%E1%85%AD_%E1%84%83%E1%85%A2%E1%84%8C%E1%85%A1%E1%86%BC%E1%84%87%E1%85%AE.png
212,대장부 21,21.0%,일반 소주,증류식,롯데칠성음료,롯데칠성음료 국내부문,https://cdn.veluga.kr/files/supplier/155/drinks/40.%E1%84%85%E1%85%A9%E1%86%BA%E1%84%83%E1%85%A6%E1%84%8E%E1%85%B5%E1%86%AF%E1%84%89%E1%85%A5%E1%86%BC%E1%84%8B%E1%85%B3%E1%86%B7%E1%84%85%E1%85%AD_%E1%84%83%E1%85%A2%E1%84%8C%E1%85%A1%E1%86%BC%E1%84%87%E1%85%AE_21.png
213,대장부 23,23.0%,일반 소주,증류식,롯데칠성음료,롯데칠성음료 국내부문,https://cdn.veluga.kr/files/supplier/155/drinks/39.%E1%84%85%E1%85%A9%E1%86%BA%E1%84%83%E1%85%A6%E1%84%8E%E1%85%B5%E1%86%AF%E1%84%89%E1%85%A5%E1%86%BC%E1%84%8B%E1%85%B3%E1%86%B7%E1%84%85%E1%85%AD_%E1%84%83%E1%85%A2%E1%84%8C%E1%85%A1%E1%86%BC%E1%84%87%E1%85%AE_23.png
214,일품진로 18년,31.0%,일반 소주,증류식,하이트진로 국산,하이트진로 국산,https://cdn.veluga.kr/files/supplier/228/drinks/27.%E1%84%92%E1%85%A1%E1%84%8B%E1%85%B5%E1%84%90%E1%85%B3%E1%84%8C%E1%85%B5%E1%86%AB%E1%84%85%E1%85%A9_%E1%84%80%E1%85%AE%E1%86%A8%E1%84%89%E1%85%A1%E1%86%AB_%E1%84%8B%E1%85%B5%E1%86%AF%E1%84%91%E1%85%AE%E1%86%B7%E1%84%8C%E1%85%B5%E1%86%AB%E1%84%85%E1%85%A9_18%E1%84%82%E1%85%A7%E1%86%AB.png
215,일품진로 19년,31.0%,일반 소주,증류식,하이트진로 국산,하이트진로 국산,https://cdn.veluga.kr/files/supplier/228/drinks/26.%E1%84%92%E1%85%A1%E1%84%8B%E1%85%B5%E1%84%90%E1%85%B3%E1%84%8C%E1%85%B5%E1%86%AB%E1%84%85%E1%85%A9_%E1%84%80%E1%85%AE%E1%86%A8%E1%84%89%E1%85%A1%E1%86%AB_%E1%84%8B%E1%85%B5%E1%86%AF%E1%84%91%E1%85%AE%E1%86%B7%E1%84%8C%E1%85%B5%E1%86%AB%E1%84%85%E1%85%A9_19%E1%84%82%E1%85%A7%E1%86%AB.png
216,일품진로 20년,31.0%,일반 소주,증류식,하이트진로 국산,하이트진로 국산,https://cdn.veluga.kr/files/supplier/228/drinks/25.%E1%84%92%E1%85%A1%E1%84%8B%E1%85%B5%E1%84%90%E1%85%B3%E1%84%8C%E1%85%B5%E1%86%AB%E1%84%85%E1%85%A9_%E1%84%80%E1%85%AE%E1%86%A8%E1%84%89%E1%85%A1%E1%86%AB_%E1%84%8B%E1%85%B5%E1%86%AF%E1%84%91%E1%85%AE%E1%86%B7%E1%84%8C%E1%85%B5%E1%86%AB%E1%84%85%E1%85%A9_20%E1%84%82%E1%85%A7%E1%86%AB.png
217,일품진로1924,25.0%,일반 소주,증류식,하이트진로 국산,하이트진로 국산,https://cdn.veluga.kr/files/supplier/228/drinks/24.%E1%84%92%E1%85%A1%E1%84%8B%E1%85%B5%E1%84%90%E1%85%B3%E1%84%8C%E1%85%B5%E1%86%AB%E1%84%85%E1%85%A9_%E1%84%80%E1%85%AE%E1%86%A8%E1%84%89%E1%85%A1%E1%86%AB_%E1%84%8B%E1%85%B5%E1%86%AF%E1%84%91%E1%85%AE%E1%86%B7%E1%84%8C%E1%85%B5%E1%86%AB%E1%84%85%E1%85%A91924.png
218,처음처럼 순,16.0%,일반 소주,희석식,롯데칠성음료,롯데칠성음료 국내부문,https://cdn.veluga.kr/files/supplier/155/drinks/14.%E1%84%85%E1%85%A9%E1%86%BA%E1%84%83%E1%85%A6%E1%84%8E%E1%85%B5%E1%86%AF%E1%84%89%E1%85%A5%E1%86%BC%E1%84%8B%E1%85%B3%E1%86%B7%E1%84%85%E1%85%AD_%E1%84%8E%E1%85%A5%E1%84%8B%E1%85%B3%E1%86%B7%E1%84%8E%E1%85%A5%E1%84%85%E1%85%A5%E1%86%B7_%E1%84%89%E1%85%AE%E1%86%AB.png
219,처음처럼 FLEX,16.7%,일반 소주,희석식,롯데칠성음료,롯데칠성음료 국내부문,https://cdn.veluga.kr/files/supplier/155/drinks/4.%E1%84%85%E1%85%A9%E1%86%BA%E1%84%83%E1%85%A6%E1%84%8E%E1%85%B5%E1%86%AF%E1%84%89%E1%85%A5%E1%86%BC%E1%84%8B%E1%85%B3%E1%86%B7%E1%84%85%E1%85%AD_%E1%84%8E%E1%85%A5%E1%84%8B%E1%85%B3%E1%86%B7%E1%84%8E%E1%85%A5%E1%84%85%E1%85%A5%E1%86%B7_FLEX.png
220,처음처럼,16.5%,일반 소주,희석식,롯데칠성음료,롯데칠성음료 국내부문,https://cdn.veluga.kr/files/supplier/155/drinks/2.%E1%84%85%E1%85%A9%E1%86%BA%E1%84%83%E1%85%A6%E1%84%8E%E1%85%B5%E1%86%AF%E1%84%89%E1%85%A5%E1%86%BC%E1%84%8B%E1%85%B3%E1%86%B7%E1%84%85%E1%85%AD_%E1%84%8E%E1%85%A5%E1%84%8B%E1%85%B3%E1%86%B7%E1%84%8E%E1%85%A5%E1%84%85%E1%85%A5%E1%86%B7.png
221,덴엔 실버,25.0%,일반 소주,증류식,덴엔주조,유한회사 금용,https://cdn.veluga.kr/drinks/0/main/0569018403564221afec6a3b057e5a02_%EB%8D%B4%EC%97%94_%EC%8B%A4%EB%B2%84.png
222,화요 X.P,41.0%,일반 소주,증류식,화요,주식회사 화요,https://cdn.veluga.kr/files/supplier/temporary/drinks/4.%E1%84%8C%E1%85%AE%E1%84%89%E1%85%B5%E1%86%A8%E1%84%92%E1%85%AC%E1%84%89%E1%85%A1_%E1%84%92%E1%85%AA%E1%84%8B%E1%85%AD_%E1%84%92%E1%85%AA%E1%84%8B%E1%85%AD_X.P.png
223,진로,16.5%,일반 소주,희석식,하이트진로,하이트진로 국산,https://cdn.veluga.kr/files/supplier/228/drinks/%E1%84%8C%E1%85%B5%E1%86%AB%E1%84%85%E1%85%A9%20%E1%84%89%E1%85%A9%E1%84%8C%E1%85%AE(JINRO%20IS%20BACK%20SOJU)_%E1%84%92%E1%85%A1%E1%84%8B%E1%85%B5%E1%84%90%E1%85%B3%E1%84%8C%E1%85%B5%E1%86%AB%E1%84%85%E1%85%A9(hitejinro).png
224,참이슬 오리지널,20.1%,일반 소주,희석식,하이트진로,하이트진로 국산,https://cdn.veluga.kr/files/supplier/228/drinks/%E1%84%8E%E1%85%A1%E1%86%B7%E1%84%8B%E1%85%B5%E1%84%89%E1%85%B3%E1%86%AF%20%E1%84%8B%E1%85%A9%E1%84%85%E1%85%B5%E1%84%8C%E1%85%B5%E1%84%82%E1%85%A5%E1%86%AF%20%E1%84%89%E1%85%A9%E1%84%8C%E1%85%AE(JINRO%20CHAMISUL%20ORIGINAL%20SOJU)_%E1%84%92%E1%85%A1%E1%84%8B%E1%85%B5%E1%84%90%E1%85%B3%E1%84%8C%E1%85%B5%E1%86%AB%E1%84%85%E1%85%A9(hitejinro).png
225,참이슬 후레쉬,16.5%,일반 소주,희석식,하이트진로,하이트진로 국산,https://cdn.veluga.kr/files/supplier/228/drinks/%E1%84%8E%E1%85%A1%E1%86%B7%E1%84%8B%E1%85%B5%E1%84%89%E1%85%B3%E1%86%AF%20%E1%84%92%E1%85%AE%E1%84%85%E1%85%A6%E1%84%89%E1%85%B1%20%E1%84%89%E1%85%A9%E1%84%8C%E1%85%AE(JINRO%20CHAMISUL%20FRESH%20SOJU)_%E1%84%92%E1%85%A1%E1%84%8B%E1%85%B5%E1%84%90%E1%85%B3%E1%84%8C%E1%85%B5%E1%86%AB%E1%84%85%E1%85%A9(hitejinro).png
226,화요 53,53.0%,일반 소주,증류식,화요,주식회사 화요,https://cdn.veluga.kr/files/supplier/216/drinks/19431_123Main_-_HWAYO_53.png
227,화요 41,41.0%,일반 소주,증류식,화요,주식회사 화요,https://cdn.veluga.kr/files/supplier/216/drinks/19430_17586_Main_-_HWAYO_41.png
228,화요 25,25.0%,일반 소주,증류식,화요,주식회사 화요,https://cdn.veluga.kr/files/supplier/216/drinks/19429_Main1_-_HWAYO_25.png
229,화요 17,17.0%,일반 소주,증류식,화요,주식회사 화요,https://cdn.veluga.kr/files/supplier/216/drinks/19428_17585_Main_-_HWAYO_17_1.png
230,일품진로,25.0%,일반 소주,증류식,하이트진로(주),하이트진로 국산,https://cdn.veluga.kr/files/supplier/143/drinks/11796_%EC%9D%BC%ED%92%88%EC%A7%84%EB%A1%9C_png.png
231,동해소주,18.0%,일반 소주,,설악프로방스 배꽃마을 농업회사법인,부국상사,https://assets.business.veluga.kr/media/public/%E1%84%83%E1%85%A9%E1%86%BC%E1%84%92%E1%85%A2%E1%84%89%E1%85%A9%E1%84%8C%E1%85%AE_1.png
232,스이게이 혼카쿠 코메 쇼츄 토사,25.0%,일반 소주,증류식,스이게이주조,유한회사 금용,https://assets.business.veluga.kr/media/public/39_%EC%8A%A4%EC%9D%B4%EA%B2%8C%EC%9D%B4_%ED%86%A0%EC%82%AC.png
233,덴엔 이모 쿠로코지,25.0%,일반 소주,증류식,덴엔주조,유한회사 금용,https://assets.business.veluga.kr/media/public/38_%EB%8D%B4%EC%97%94_%EC%9D%B4%EB%AA%A8_%EC%BF%A0%EB%A1%9C%EC%BD%94%EC%A7%80.png
234,덴엔 골드,25.0%,일반 소주,증류식,덴엔주조,유한회사 금용,https://cdn.veluga.kr/files/supplier/91/drinks/14352_DEN-EN_GOLD.png
235,황금 보리 소주 17,17.0%,일반 소주,,남한산성 소주,부국상사,https://assets.business.veluga.kr/media/public/%E1%84%92%E1%85%AA%E1%86%BC%E1%84%80%E1%85%B3%E1%86%B7_%E1%84%87%E1%85%A9%E1%84%85%E1%85%B5_%E1%84%89%E1%85%A9%E1%84%8C%E1%85%AE_17.png
236,명품 안동소주 참조은,16.9%,일반 소주,,농업회사법인 명품안동소주(주),부국상사,https://assets.business.veluga.kr/media/public/%E1%84%86%E1%85%A7%E1%86%BC%E1%84%91%E1%85%AE%E1%86%B7_%E1%84%8B%E1%85%A1%E1%86%AB%E1%84%83%E1%85%A9%E1%86%BC_%E1%84%89%E1%85%A9%E1%84%8C%E1%85%AE_%E1%84%8E%E1%85%A1%E1%86%B7%E1%84%8C%E1%85%A9%E1%84%8B%E1%85%B3%E1%86%AB.png
237,산들벗 17,17.0%,일반 소주,,농업회사법인 산들벗(주),부국상사,https://assets.business.veluga.kr/media/public/%E1%84%89%E1%85%A1%E1%86%AB%E1%84%83%E1%85%B3%E1%86%AF%E1%84%87%E1%85%A5%E1%86%BA_17.png
238,해방주,18.8%,일반 소주,,농업회사법인 (주)영덕주조,부국상사,https://assets.business.veluga.kr/media/public/%E1%84%92%E1%85%A2%E1%84%87%E1%85%A1%E1%86%BC%E1%84%8C%E1%85%AE.png
239,빡치주,25.0%,일반 소주,증류식,농업회사법인 주식회사 술샘,농업회사법인 주식회사 술샘,https://cdn.veluga.kr/drinks/0/main/3cbd333e01e94102b1eb2ae02da65530_%E1%84%88%E1%85%A1%E1%86%A8%E1%84%8E%E1%85%B5%E1%84%8C%E1%85%AE.png
240,개빡치주,40.0%,일반 소주,증류식,농업회사법인 주식회사 술샘,농업회사법인 주식회사 술샘,https://cdn.veluga.kr/drinks/20052/main/7060c10eab954efcbf9b267fdb5852e3_%E1%84%80%E1%85%A2%E1%84%88%E1%85%A1%E1%86%A8%E1%84%8E%E1%85%B5%E1%84%8C%E1%85%AE.png
241,대선,16.5%,일반 소주,희석식,대선주조(주),대선주조(주),https://cdn.veluga.kr/files/supplier/306/drinks/43.%E1%84%83%E1%85%A2%E1%84%89%E1%85%A5%E1%86%AB%E1%84%8C%E1%85%AE%E1%84%8C%E1%85%A9%E1%84%8C%E1%85%AE_%E1%84%83%E1%85%A2%E1%84%89%E1%85%A5%E1%86%AB.png
242,대선 다이아몬드,16.9%,일반 소주,희석식,대선주조(주),대선주조(주),https://cdn.veluga.kr/files/supplier/306/drinks/42.%E1%84%83%E1%85%A2%E1%84%89%E1%85%A5%E1%86%AB%E1%84%8C%E1%85%AE%E1%84%8C%E1%85%A9%E1%84%8C%E1%85%AE_%E1%84%83%E1%85%A2%E1%84%89%E1%85%A5%E1%86%AB_%E1%84%83%E1%85%A1%E1%84%8B%E1%85%B5%E1%84%8B%E1%85%A1%E1%84%86%E1%85%A9%E1%86%AB%E1%84%83%E1%85%B3.png
243,소주왕 금복주,16.9%,일반 소주,희석식,(주)금복주,(주)금복주,https://cdn.veluga.kr/files/supplier/305/drinks/33.%E1%84%8C%E1%85%AE%E1%84%80%E1%85%B3%E1%86%B7%E1%84%87%E1%85%A9%E1%86%A8%E1%84%8C%E1%85%AE_%E1%84%89%E1%85%A9%E1%84%8C%E1%85%AE%E1%84%8B%E1%85%AA%E1%86%BC_%E1%84%80%E1%85%B3%E1%86%B7%E1%84%87%E1%85%A9%E1%86%A8%E1%84%8C%E1%85%AE.png
244,여수밤바다,16.9%,일반 소주,희석식,보해양조(주),보해양조(주),https://cdn.veluga.kr/files/supplier/303/drinks/28.%E1%84%87%E1%85%A9%E1%84%92%E1%85%A2%E1%84%8B%E1%85%A3%E1%86%BC%E1%84%8C%E1%85%A9%E1%84%8C%E1%85%AE_%E1%84%8B%E1%85%A7%E1%84%89%E1%85%AE%E1%84%87%E1%85%A1%E1%86%B7%E1%84%87%E1%85%A1%E1%84%83%E1%85%A1.png
245,참소주,16.9%,일반 소주,희석식,(주)금복주,(주)금복주,https://cdn.veluga.kr/files/supplier/305/drinks/17.%E1%84%8C%E1%85%AE%E1%84%80%E1%85%B3%E1%86%B7%E1%84%87%E1%85%A9%E1%86%A8%E1%84%8C%E1%85%AE_%E1%84%8E%E1%85%A1%E1%86%B7%E1%84%89%E1%85%A9%E1%84%8C%E1%85%AE.png
246,한라산 21,21.0%,일반 소주,희석식,(주)한라산,(주)한라산,https://cdn.veluga.kr/files/supplier/304/drinks/9.%E1%84%8C%E1%85%AE%E1%84%92%E1%85%A1%E1%86%AB%E1%84%85%E1%85%A1%E1%84%89%E1%85%A1%E1%86%AB_%E1%84%92%E1%85%A1%E1%86%AB%E1%84%85%E1%85%A1%E1%84%89%E1%85%A1%E1%86%AB_21.png
247,한라산물 순한소주,17.0%,일반 소주,희석식,(주)한라산,(주)한라산,https://cdn.veluga.kr/files/supplier/304/drinks/8.%E1%84%8C%E1%85%AE%E1%84%92%E1%85%A1%E1%86%AB%E1%84%85%E1%85%A1%E1%84%89%E1%85%A1%E1%86%AB_%E1%84%92%E1%85%A1%E1%86%AB%E1%84%85%E1%85%A1%E1%84%89%E1%85%A1%E1%86%AB%E1%84%86%E1%85%AE%E1%86%AF_%E1%84%89%E1%85%AE%E1%86%AB%E1%84%92%E1%85%A1%E1%86%AB%E1%84%89%E1%85%A9%E1%84%8C%E1%85%AE.png
248,C1,19.0%,일반 소주,희석식,대선주조(주),대선주조(주),https://cdn.veluga.kr/files/supplier/306/drinks/7.%E1%84%83%E1%85%A2%E1%84%89%E1%85%A5%E1%86%AB%E1%84%8C%E1%85%AE%E1%84%8C%E1%85%A9%E1%84%8C%E1%85%AE_C1.png
249,잎새주,17.3%,일반 소주,희석식,보해양조(주),보해양조(주),https://cdn.veluga.kr/files/supplier/303/drinks/6.%E1%84%87%E1%85%A9%E1%84%92%E1%85%A2%E1%84%8B%E1%85%A3%E1%86%BC%E1%84%8C%E1%85%A9%E1%84%8C%E1%85%AE_%E1%84%8B%E1%85%B5%E1%87%81%E1%84%89%E1%85%A2%E1%84%8C%E1%85%AE.png
250,좋은데이,16.5%,일반 소주,희석식,(주)무학,(주)무학,https://cdn.veluga.kr/files/supplier/302/drinks/1.%E1%84%8C%E1%85%AE%E1%84%86%E1%85%AE%E1%84%92%E1%85%A1%E1%86%A8_%E1%84%8C%E1%85%A9%E1%87%82%E1%84%8B%E1%85%B3%E1%86%AB%E1%84%83%E1%85%A6%E1%84%8B%E1%85%B5.png
251,초야 논알콜 요와나이 유즈슈,0.0%,논알콜,기타,쵸야,주식회사 가주유통,https://cdn.veluga.kr/files/supplier/62/drinks/25316_Main_-_YOWANAI_YUZUSHU.png
252,또띠야 스파클링 0.0,0.0%,논알콜,와인,칼융,(주)어베러컴퍼니,https://cdn.veluga.kr/files/supplier/367/drinks/25097_Untitled-2.png
253,프렌치 블룸 0.0% 로제,0.0%,논알콜,와인,French Bloom,(주)어베러컴퍼니,https://cdn.veluga.kr/drinks/0/main/5611021c6cba4c95bf810d9bfd57d9e8_%E1%84%85%E1%85%A9%E1%84%8C%E1%85%A6%E1%84%82%E1%85%AE%E1%84%81%E1%85%B5.png
254,프렌치 블룸 0.0% 블랑,0.0%,논알콜,와인,French Bloom,(주)어베러컴퍼니,https://cdn.veluga.kr/drinks/0/main/87b9a84a42434ec88676c53f975262ce_%E1%84%87%E1%85%B3%E1%86%AF%E1%84%85%E1%85%A1%E1%86%BC_%E1%84%82%E1%85%AE%E1%84%81%E1%85%B5.png
255,알데아 논알코올 스파클링 화이트 캔,0.0%,논알콜,와인,알데아,놀로와인(NoLo Wine),https://cdn.veluga.kr/files/supplier/353/drinks/24745_Main_-_Aldea_0.0_Sparkling_White.png
256,알데아 베르데호 논알코올 화이트,0.0%,논알콜,와인,알데아,놀로와인(NoLo Wine),https://cdn.veluga.kr/files/supplier/353/drinks/24741_Main_-_Aldea_0.0_Verdejo_White.png
257,알데아 템프라니요 논알코올 로제,0.0%,논알콜,와인,알데아,놀로와인(NoLo Wine),https://cdn.veluga.kr/files/supplier/353/drinks/24743_Main_-_Aldea_0.0_Tempranillo_Rose.png
258,알데아 템프라니요 논알코올 레드,0.0%,논알콜,와인,알데아,놀로와인(NoLo Wine),https://cdn.veluga.kr/files/supplier/353/drinks/24744_Main_-_ALDEA_0.0_Tempranillo_Red.png
259,빅드롭 업타임 크래프트 라거,0.5%,논알콜,맥주,빅드롭,비더블유아이코리아,https://cdn.veluga.kr/files/supplier/13/drinks/24637_Main_-_BIG_DROP_UPTIME_CRAFT_LAGER.png
260,라몬 무알콜 맥주,0.3%,논알콜,맥주,로만 브루어리,비더블유아이코리아,https://cdn.veluga.kr/files/supplier/13/drinks/24636_Main_-_RAMON.png
261,어프리데이 스타우트,0.5%,논알콜,맥주,주식회사 부족한녀석들,주식회사 부족한녀석들,https://cdn.veluga.kr/files/supplier/351/drinks/24257_132.png
262,어프리데이 페일에일,0.5%,논알콜,맥주,주식회사 부족한녀석들,주식회사 부족한녀석들,https://cdn.veluga.kr/files/supplier/351/drinks/24254_Main_-_Afreeday_Pale_ale.png
263,하이네켄 0.0,0.0%,논알콜,맥주,하이네켄 네덜란드 서플라이,하이네켄코리아 주식회사,https://cdn.veluga.kr/drinks/0/main/dbf384e49ed343ebbfe98779c7dcb118_330%E1%84%8F%E1%85%A2%E1%86%AB.png
264,보테가 스파클링 제로 화이트,0.0%,논알콜,기타,보테가 비나이,더바인컴퍼니,https://cdn.veluga.kr/files/supplier/119/drinks/21804_Main_-_Bottega_Zero_White.png
265,쎄시 시드르 바이오 논알콜 0.0%,0.0%,논알콜,기타,샤또 드 쎄시,주식회사 테이스트버드,https://cdn.veluga.kr/files/supplier/75/drinks/21682_Main_-_SASSY_Cidre_Bio_Non-alcoholic_0.png
266,카스 제로,0.0%,논알콜,기타,오비맥주 주식회사,오비맥주 주식회사,https://cdn.veluga.kr/files/supplier/103/drinks/3.%E1%84%8B%E1%85%A9%E1%84%87%E1%85%B5%E1%84%86%E1%85%A2%E1%86%A8%E1%84%8C%E1%85%AE_%E1%84%8C%E1%85%AE%E1%84%89%E1%85%B5%E1%86%A8%E1%84%92%E1%85%AC%E1%84%89%E1%85%A1_%E1%84%8F%E1%85%A1%E1%84%89%E1%85%B3_%E1%84%8C%E1%85%A6%E1%84%85%E1%85%A9.png
267,쎄시 유기농 애플 주스,0.0%,논알콜,,샤또 드 쎄시,주식회사 테이스트버드,https://cdn.veluga.kr/files/supplier/75/drinks/20185_Main_-_SASSY_ORGANIC_APPLE_JUICE.png
268,쎄시 유기농 스파클링 애플 주스,0.0%,논알콜,,샤또 드 쎄시,주식회사 테이스트버드,https://cdn.veluga.kr/files/supplier/75/drinks/20209_Main_-_SASSY_ORGANIC_SPARKLING_APPLE_JUICE.png
269,플로렌티나 유기농 버진 스파클링 레드프룻,0.0%,논알콜,,도멘 피에르 차빈,주식회사 테이스트버드,https://cdn.veluga.kr/files/supplier/75/drinks/20179_Main_-_FLORENTINA_ORGANIC_VIRGEN_SPARKLING_RED_FRUITS.png
270,플로렌티나 유기농 버진 스파클링 피치,0.0%,논알콜,,도멘 피에르 차빈,주식회사 테이스트버드,https://cdn.veluga.kr/files/supplier/75/drinks/20178_Main_-_FLORENTINA_ORGANIC_VIRGIN_SPARKLING_PEACH.png
271,빅드롭 무알콜 파인 트레일 페일 에일,0.5%,논알콜,맥주,하비스톤 브루어리,비더블유아이코리아,https://cdn.veluga.kr/files/supplier/13/drinks/3350_%EB%B9%85%EB%93%9C%EB%9E%8D_%EB%AC%B4%EC%95%8C%EC%BD%9C_%ED%8C%8C%EC%9D%B8_%ED%8A%B8%EB%A0%88%EC%9D%BC_%ED%8E%98%EC%9D%BC_%EC%97%90%EC%9D%BC.png
272,보테가 스파클링 제로 로제,0.0%,논알콜,와인,보테가 비나이,더바인컴퍼니,https://cdn.veluga.kr/files/supplier/119/drinks/1371_Bottega%20Sparkling%20Zero%20rose.png
273,피코 노바,0.3%,논알콜,,브뤼셀 비어 프로젝트,비어로,https://assets.business.veluga.kr/media/public/Pico_Nova_1.png
274,경복궁 소주 40,40.0%,전통 소주,증류식,지비지 스피리츠 주식회사 농업회사법인,지비지 스피리츠 주식회사 농업회사법인,https://cdn.veluga.kr/files/supplier/369/drinks/24789_Main_-_gbg_soju_2.png
275,경복궁 소주 20,20.0%,전통 소주,증류식,지비지 스피리츠 주식회사 농업회사법인,지비지 스피리츠 주식회사 농업회사법인,https://cdn.veluga.kr/files/supplier/369/drinks/24797_Main_-_gbg_soju_4.png
276,산사춘,12.0%,전통 소주,,농업회사법인 배상면주가,하이트진로 국산,https://cdn.veluga.kr/drinks/0/main/4345286d6d70434880821d63e51cc106_24-%E1%84%89%E1%85%A1%E1%86%AB%E1%84%89%E1%85%A1%E1%84%8E%E1%85%AE%E1%86%AB.png
277,숙성증류주 혼,22.0%,전통 소주,증류식,농업회사법인 (주)제이엘,주식회사 골든블루,https://cdn.veluga.kr/files/supplier/90/drinks/16852_HONE.png
278,농태기,25.0%,전통 소주,증류식,하나도가,부국상사,https://cdn.veluga.kr/files/supplier/42/drinks/3317_%EB%86%8D%ED%83%9C%EA%B8%B0.png
279,아임파인 30,30.0%,전통 소주,,록컴퍼니,부국상사,https://assets.business.veluga.kr/media/public/%E1%84%8B%E1%85%A1%E1%84%8B%E1%85%B5%E1%86%B7%E1%84%91%E1%85%A1%E1%84%8B%E1%85%B5%E1%86%AB_30.png
280,아임파인 18.8,18.8%,전통 소주,,록컴퍼니,부국상사,https://assets.business.veluga.kr/media/public/%E1%84%8B%E1%85%A1%E1%84%8B%E1%85%B5%E1%86%B7%E1%84%91%E1%85%A1%E1%84%8B%E1%85%B5%E1%86%AB_18.8.png
281,미상,25.0%,전통 소주,,(주)시트러스,부국상사,https://assets.business.veluga.kr/media/public/%E1%84%89%E1%85%B5%E1%84%90%E1%85%B3%E1%84%85%E1%85%A5%E1%84%89%E1%85%B3_1.png
282,추사白25,25.0%,전통 소주,,농업회사법인 예산사과와인(주),부국상사,https://assets.business.veluga.kr/media/public/%E1%84%8E%E1%85%AE%E1%84%89%E1%85%A1%E1%84%87%E1%85%A2%E1%86%A825_1.png
283,추사白40,40.0%,전통 소주,,농업회사법인 예산사과와인(주),부국상사,https://assets.business.veluga.kr/media/public/%E1%84%8E%E1%85%AE%E1%84%89%E1%85%A1%E1%84%87%E1%85%A2%E1%86%A840_1.png
284,엄청주,18.0%,전통 소주,,삼오식품,부국상사,https://assets.business.veluga.kr/media/public/%E1%84%8B%E1%85%A5%E1%86%B7%E1%84%8E%E1%85%A5%E1%86%BC%E1%84%8C%E1%85%AE_1.png
285,금설,35.0%,전통 소주,,농업회사법인 (주)금산인삼주,부국상사,https://assets.business.veluga.kr/media/public/%E1%84%80%E1%85%B3%E1%86%B7%E1%84%89%E1%85%A5%E1%86%AF_1.png
286,모리 소주,19.0%,전통 소주,,농업법인회사 부안강산명주,부국상사,https://assets.business.veluga.kr/media/public/%E1%84%86%E1%85%A9%E1%84%85%E1%85%B5%E1%84%89%E1%85%A9%E1%84%8C%E1%85%AE_1.png
287,이상헌 소주 52도,52.0%,전통 소주,,농업회사법인 이가수불,부국상사,https://assets.business.veluga.kr/media/public/%E1%84%8B%E1%85%B5%E1%84%89%E1%85%A1%E1%86%BC%E1%84%92%E1%85%A5%E1%86%AB_%E1%84%89%E1%85%A9%E1%84%8C%E1%85%AE_52_1.png
288,소나무와 학,43.0%,전통 소주,,용두산조은술 영농조합법인,부국상사,https://assets.business.veluga.kr/media/public/%E1%84%89%E1%85%A9%E1%84%82%E1%85%A1%E1%84%86%E1%85%AE%E1%84%8B%E1%85%AA_%E1%84%92%E1%85%A1%E1%86%A8_1.png
289,마주 소곡화주,41.0%,전통 소주,,옥순가 양조장,부국상사,https://assets.business.veluga.kr/media/public/%E1%84%86%E1%85%A1%E1%84%8C%E1%85%AE_%E1%84%89%E1%85%A9%E1%84%80%E1%85%A9%E1%86%A8%E1%84%92%E1%85%AA%E1%84%8C%E1%85%AE_1.png
290,감홍로 별주부전,40.0%,전통 소주,,농업회사법인 감홍로,부국상사,https://assets.business.veluga.kr/media/public/%E1%84%80%E1%85%A1%E1%86%B7%E1%84%92%E1%85%A9%E1%86%BC%E1%84%85%E1%85%A9_%E1%84%87%E1%85%A7%E1%86%AF%E1%84%8C%E1%85%AE%E1%84%87%E1%85%AE%E1%84%8C%E1%85%A5%E1%86%AB_1.png
291,감 보드카,32.0%,전통 소주,,양촌감영농조합법인,부국상사,https://assets.business.veluga.kr/media/public/%E1%84%80%E1%85%A1%E1%86%B7%E1%84%87%E1%85%A9%E1%84%83%E1%85%B3%E1%84%8F%E1%85%A1_1.png
292,두레앙35,35.0%,전통 소주,,농업회사법인 ㈜두레양조,부국상사,https://cdn.veluga.kr/files/supplier/42/drinks/14338_%EB%91%90%EB%A0%88%EC%95%9935.png
293,두레앙22,22.0%,전통 소주,,농업회사법인 ㈜두레양조,부국상사,https://assets.business.veluga.kr/media/public/%E1%84%83%E1%85%AE%E1%84%85%E1%85%A6%E1%84%8B%E1%85%A1%E1%86%BC_22_1.png
294,토끼소주 블랙 라벨,40.0%,전통 소주,,농업회사법인 토끼소주(주),부국상사,https://assets.business.veluga.kr/media/public/%ED%86%A0%EB%81%BC%EC%86%8C%EC%A3%BC_%EB%B8%94%EB%9E%99_%EB%9D%BC%EB%B2%A8.png
295,토끼소주 화이트 라벨,23.0%,전통 소주,,농업회사법인 토끼소주(주),부국상사,https://assets.business.veluga.kr/media/public/%ED%86%A0%EB%81%BC%EC%86%8C%EC%A3%BC_%ED%99%94%EC%9D%B4%ED%8A%B8_%EB%9D%BC%EB%B2%A8.png
296,유기농 이도 14,14.0%,전통 소주,,조은술세종,부국상사,https://assets.business.veluga.kr/media/public/%E1%84%8B%E1%85%B2%E1%84%80%E1%85%B5%E1%84%82%E1%85%A9%E1%86%BC_%E1%84%8B%E1%85%B5%E1%84%83%E1%85%A9_14.png
297,이도 42,42.0%,전통 소주,,조은술세종,부국상사,https://assets.business.veluga.kr/media/public/%EC%9D%B4%EB%8F%84_42_375.png
298,이도 32,32.0%,전통 소주,,조은술세종,부국상사,https://assets.business.veluga.kr/media/public/%EC%9D%B4%EB%8F%84_32_375.png
299,이도 22,22.0%,전통 소주,,조은술세종,부국상사,https://assets.business.veluga.kr/media/public/%EC%9D%B4%EB%8F%84_22_375.png
300,병영소주,40.0%,전통 소주,,병영양조장,부국상사,https://assets.business.veluga.kr/media/public/%E1%84%87%E1%85%A7%E1%86%BC%E1%84%8B%E1%85%A7%E1%86%BC%E1%84%8C%E1%85%AE%E1%84%8C%E1%85%A9%E1%84%8C%E1%85%A1%E1%86%BC_%E1%84%87%E1%85%A7%E1%86%BC%E1%84%8B%E1%85%A7%E1%86%BC%E1%84%89%E1%85%A9%E1%84%8C%E1%85%AE.png
301,왕율주 40,40.0%,전통 소주,,농업회사법인 (합)사곡양조원,부국상사,https://assets.business.veluga.kr/media/public/%E1%84%89%E1%85%A1%E1%84%80%E1%85%A9%E1%86%A8%E1%84%8B%E1%85%A3%E1%86%BC%E1%84%8C%E1%85%A9%E1%84%8B%E1%85%AF%E1%86%AB_%E1%84%8B%E1%85%AA%E1%86%BC%E1%84%8B%E1%85%B2%E1%86%AF%E1%84%8C%E1%85%AE%E1%84%87%E1%85%A1%E1%86%B7_40_330.png
302,왕율주 33,33.0%,전통 소주,,농업회사법인 (합)사곡양조원,부국상사,https://assets.business.veluga.kr/media/public/%E1%84%89%E1%85%A1%E1%84%80%E1%85%A9%E1%86%A8%E1%84%8B%E1%85%A3%E1%86%BC%E1%84%8C%E1%85%A9%E1%84%8B%E1%85%AF%E1%86%AB_%E1%84%8B%E1%85%AA%E1%86%BC%E1%84%8B%E1%85%B2%E1%86%AF%E1%84%8C%E1%85%AE%E1%84%87%E1%85%A1%E1%86%B733_330.png
303,왕율주 25,25.0%,전통 소주,,농업회사법인 (합)사곡양조원,부국상사,https://assets.business.veluga.kr/media/public/%E1%84%89%E1%85%A1%E1%84%80%E1%85%A9%E1%86%A8%E1%84%8B%E1%85%A3%E1%86%BC%E1%84%8C%E1%85%A9%E1%84%8B%E1%85%AF%E1%86%AB_%E1%84%8B%E1%85%AA%E1%86%BC%E1%84%8B%E1%85%B2%E1%86%AF%E1%84%8C%E1%85%AE%E1%84%87%E1%85%A1%E1%86%B7_25_330.png
304,로아 레드 40,40.0%,전통 소주,,배혜정도가,부국상사,https://assets.business.veluga.kr/media/public/%EB%A1%9C%EC%95%84_%EB%A0%88%EB%93%9C_40.png
305,로아 레드 19,19.0%,전통 소주,,배혜정도가,부국상사,https://assets.business.veluga.kr/media/public/%EB%A1%9C%EC%95%84_%EB%A0%88%EB%93%9C_19.png
306,로아 퍼플 40,40.0%,전통 소주,,배혜정도가,부국상사,https://assets.business.veluga.kr/media/public/%EB%A1%9C%EC%95%84_%ED%8D%BC%ED%94%8C_40.png
307,로아 퍼플 19,19.0%,전통 소주,,배혜정도가,부국상사,https://assets.business.veluga.kr/media/public/%EB%A1%9C%EC%95%84_%ED%8D%BC%ED%94%8C_19.png
308,무작 53,53.0%,전통 소주,,전통주조 예술,부국상사,https://assets.business.veluga.kr/media/public/%E1%84%8B%E1%85%A8%E1%84%89%E1%85%AE%E1%86%AF_%E1%84%86%E1%85%AE%E1%84%8C%E1%85%A1%E1%86%A8_53.png
309,필 소주,25.0%,전통 소주,,농업회사법인 (주)술아원,부국상사,https://assets.business.veluga.kr/media/public/%E1%84%89%E1%85%AE%E1%86%AF%E1%84%8B%E1%85%A1%E1%84%8B%E1%85%AF%E1%86%AB_%E1%84%91%E1%85%B5%E1%86%AF%E1%84%89%E1%85%A9%E1%84%8C%E1%85%AE.png
310,대복홍주 진 15호,60.0%,전통 소주,,진도홍주,부국상사,https://assets.business.veluga.kr/media/public/%E1%84%8C%E1%85%B5%E1%86%AB%E1%84%83%E1%85%A9_%E1%84%92%E1%85%A9%E1%86%BC%E1%84%8C%E1%85%AE_%E1%84%8C%E1%85%B5%E1%86%AB_15%E1%84%92%E1%85%A9.png
311,도원결의,15.0%,전통 소주,,농업회사법인 (주)영덕주조,부국상사,https://assets.business.veluga.kr/media/public/%E1%84%83%E1%85%A9%E1%84%8B%E1%85%AF%E1%86%AB%E1%84%80%E1%85%A7%E1%86%AF%E1%84%8B%E1%85%B4_1.png
312,담솔 프리미엄,40.0%,전통 소주,,명가원영농조합법인,부국상사,https://assets.business.veluga.kr/media/public/%E1%84%83%E1%85%A1%E1%86%B7%E1%84%89%E1%85%A9%E1%86%AF_%E1%84%91%E1%85%B3%E1%84%85%E1%85%B5%E1%84%86%E1%85%B5%E1%84%8B%E1%85%A5%E1%86%B7.png
313,솔송주 프리미엄,40.0%,전통 소주,,명가원영농조합법인,부국상사,https://assets.business.veluga.kr/media/public/%EC%86%94%EC%86%A1%EC%A3%BC_%ED%94%84%EB%A6%AC%EB%AF%B8%EC%97%84.png
314,뿌리깊은 홍삼명주,23.0%,전통 소주,,농업회사법인 (주)금산인삼주,부국상사,https://assets.business.veluga.kr/media/public/%E1%84%88%E1%85%AE%E1%84%85%E1%85%B5%E1%84%80%E1%85%B5%E1%87%81%E1%84%8B%E1%85%B3%E1%86%AB%E1%84%92%E1%85%A9%E1%86%BC%E1%84%89%E1%85%A1%E1%86%B7%E1%84%8C%E1%85%AE_23%E1%84%83%E1%85%A9_375ml.png
315,명랑스컬,17.0%,전통 소주,,더한주류,더한주류,https://assets.business.veluga.kr/media/public/%E1%84%86%E1%85%A7%E1%86%BC%E1%84%85%E1%85%A1%E1%86%BC%E1%84%89%E1%85%B3%E1%84%8F%E1%85%A5%E1%86%AF.png
316,안동진맥소주 53,53.0%,전통 소주,,맹개술도가,부국상사,https://assets.business.veluga.kr/media/public/%EB%A7%B9%EA%B0%9C%EC%88%A0%EB%8F%84%EA%B0%80_%EC%A7%84%EB%A7%A5%EC%86%8C%EC%A3%BC_53%EB%8F%84_500.png
317,안동진맥소주 40,40.0%,전통 소주,,맹개술도가,부국상사,https://assets.business.veluga.kr/media/public/%EB%A7%B9%EA%B0%9C%EC%88%A0%EB%8F%84%EA%B0%80_%EC%A7%84%EB%A7%A5%EC%86%8C%EC%A3%BC_40%EB%8F%84_500.png
318,안동진맥소주 22,22.0%,전통 소주,,맹개술도가,부국상사,https://assets.business.veluga.kr/media/public/%EB%A7%B9%EA%B0%9C%EC%88%A0%EB%8F%84%EA%B0%80_%EC%A7%84%EB%A7%A5%EC%86%8C%EC%A3%BC_22%EB%8F%84_375.png
319,이강주 특 3호,25.0%,전통 소주,,전주이강주,부국상사,https://assets.business.veluga.kr/media/public/%EC%A0%84%EC%A3%BC_%EC%9D%B4%EA%B0%95%EC%A3%BC_%ED%8A%B93%ED%98%B8_z2NoRfK.png
320,이강주 2호,25.0%,전통 소주,,전주이강주,부국상사,https://assets.business.veluga.kr/media/public/%E1%84%8C%E1%85%A5%E1%86%AB%E1%84%8C%E1%85%AE_%E1%84%8B%E1%85%B5%E1%84%80%E1%85%A1%E1%86%BC%E1%84%8C%E1%85%AE_-_2%E1%84%92%E1%85%A9_25_750ml.png
321,이강주 5호,25.0%,전통 소주,,전주이강주,부국상사,https://assets.business.veluga.kr/media/public/%E1%84%8B%E1%85%B5%E1%84%80%E1%85%A1%E1%86%BC%E1%84%8C%E1%85%AE_%E1%84%92%E1%85%A9%E1%84%85%E1%85%B5%E1%84%87%E1%85%A7%E1%86%BC.png
322,문배술 용상,40.0%,전통 소주,,문배술양조원,부국상사,https://assets.business.veluga.kr/media/public/%E1%84%86%E1%85%AE%E1%86%AB%E1%84%87%E1%85%A2%E1%84%89%E1%85%AE%E1%86%AF_%E1%84%8B%E1%85%AD%E1%86%BC%E1%84%89%E1%85%A1%E1%86%BC.png
323,감홍로,40.0%,전통 소주,,농업회사법인 감홍로,부국상사,https://assets.business.veluga.kr/media/public/%E1%84%80%E1%85%A1%E1%86%B7%E1%84%92%E1%85%A9%E1%86%BC%E1%84%85%E1%85%A9_%E1%84%83%E1%85%A9%E1%84%8C%E1%85%A1%E1%84%80%E1%85%B5_700ml.png
324,고소리술 원조,40.0%,전통 소주,,제주술익는집,부국상사,https://assets.business.veluga.kr/media/public/%E1%84%80%E1%85%A9%E1%84%89%E1%85%A9%E1%84%85%E1%85%B5%E1%84%89%E1%85%AE%E1%86%AF_%E1%84%8B%E1%85%AF%E1%86%AB%E1%84%8C%E1%85%A9.png
325,문배술 명작 40,40.0%,전통 소주,,문배술양조원,부국상사,https://assets.business.veluga.kr/media/public/%E1%84%86%E1%85%AE%E1%86%AB%E1%84%87%E1%85%A2%E1%84%89%E1%85%AE%E1%86%AF_%E1%84%86%E1%85%A7%E1%86%BC%E1%84%8C%E1%85%A1%E1%86%A8.png
326,문배술 명작 25,25.0%,전통 소주,,문배술양조원,부국상사,https://assets.business.veluga.kr/media/public/%E1%84%86%E1%85%AE%E1%86%AB%E1%84%87%E1%85%A2%E1%84%89%E1%85%AE%E1%86%AF_%E1%84%86%E1%85%A7%E1%86%BC%E1%84%8C%E1%85%A1%E1%86%A8_oALvhHA.png
327,해원,40.0%,전통 소주,,추성고을,부국상사,https://assets.business.veluga.kr/media/public/%E1%84%92%E1%85%A2%E1%84%8B%E1%85%AF%E1%86%AB.png
328,솔송주 40,40.0%,전통 소주,,명가원영농조합법인,부국상사,https://assets.business.veluga.kr/media/public/%E1%84%89%E1%85%A9%E1%86%AF%E1%84%89%E1%85%A9%E1%86%BC%E1%84%8C%E1%85%AE_%E1%84%87%E1%85%A2%E1%86%A8%E1%84%8C%E1%85%A1.png
329,명인 안동소주 45,45.0%,전통 소주,,명인 안동소주,부국상사,https://assets.business.veluga.kr/media/public/%E1%84%86%E1%85%A7%E1%86%BC%E1%84%8B%E1%85%B5%E1%86%AB_%E1%84%8B%E1%85%A1%E1%86%AB%E1%84%83%E1%85%A9%E1%86%BC_%E1%84%89%E1%85%A9%E1%84%8C%E1%85%AE_45.png
330,전주 이강주 미니어처 연화주자,25.0%,전통 소주,,전주이강주,부국상사,https://assets.business.veluga.kr/media/public/%E1%84%8C%E1%85%A5%E1%86%AB%E1%84%8C%E1%85%AE_%E1%84%8B%E1%85%B5%E1%84%80%E1%85%A1%E1%86%BC%E1%84%8C%E1%85%AE_-_%E1%84%8B%E1%85%A7%E1%86%AB%E1%84%92%E1%85%AA%E1%84%8C%E1%85%AE%E1%84%8C%E1%85%A1.png
331,전주 이강주 미니어처 향로,25.0%,전통 소주,,전주이강주,부국상사,https://assets.business.veluga.kr/media/public/%E1%84%8C%E1%85%A5%E1%86%AB%E1%84%8C%E1%85%AE_%E1%84%8B%E1%85%B5%E1%84%80%E1%85%A1%E1%86%BC%E1%84%8C%E1%85%AE_-_%E1%84%92%E1%85%A3%E1%86%BC%E1%84%85%E1%85%A9.png
332,전주 이강주 3호,25.0%,전통 소주,,전주이강주,부국상사,https://assets.business.veluga.kr/media/public/%E1%84%8C%E1%85%A5%E1%86%AB%E1%84%8C%E1%85%AE_%E1%84%8B%E1%85%B5%E1%84%80%E1%85%A1%E1%86%BC%E1%84%8C%E1%85%AE_-_%E1%84%91%E1%85%A7%E1%86%AB%E1%84%87%E1%85%A7%E1%86%BC.png
333,전주 이강주 1호,25.0%,전통 소주,,전주이강주,부국상사,https://assets.business.veluga.kr/media/public/%E1%84%8C%E1%85%A5%E1%86%AB%E1%84%8C%E1%85%AE_%E1%84%8B%E1%85%B5%E1%84%80%E1%85%A1%E1%86%BC%E1%84%8C%E1%85%AE25_-_%E1%84%8B%E1%85%A6%E1%84%86%E1%85%B5%E1%86%AF%E1%84%85%E1%85%A6%E1%84%8C%E1%85%A9%E1%86%BC.png
334,명품 안동소주,45.0%,전통 소주,,농업회사법인 명품안동소주(주),부국상사,https://assets.business.veluga.kr/media/public/%E1%84%86%E1%85%A7%E1%86%BC%E1%84%91%E1%85%AE%E1%86%B7%E1%84%8B%E1%85%A1%E1%86%AB%E1%84%83%E1%85%A9%E1%86%BC%E1%84%89%E1%85%A9%E1%84%8C%E1%85%AE.png
335,양반 안동소주 3년 숙성,45.0%,전통 소주,,농업회사법인 유토피아(주),부국상사,https://assets.business.veluga.kr/media/public/%E1%84%8B%E1%85%A3%E1%86%BC%E1%84%87%E1%85%A1%E1%86%AB_%E1%84%8B%E1%85%A1%E1%86%AB%E1%84%83%E1%85%A9%E1%86%BC_%E1%84%89%E1%85%A9%E1%84%8C%E1%85%AE_3%E1%84%82%E1%85%A7%E1%86%AB_%E1%84%89%E1%85%AE%E1%86%A8%E1%84%89%E1%85%A5%E1%86%BC.png
336,타미앙스,40.0%,전통 소주,,추성고을,부국상사,https://assets.business.veluga.kr/media/public/%E1%84%90%E1%85%A1%E1%84%8B%E1%85%B5%E1%84%86%E1%85%A1%E1%86%BC%E1%84%89%E1%85%B3_500.png
337,전주 이강주 25 인케이스,25.0%,전통 소주,,전주이강주,부국상사,https://cdn.veluga.kr/files/supplier/42/drinks/%EC%9D%B4%EA%B0%95%EC%A3%BC25%EA%B8%B0%EC%99%80.png
338,로아 화이트 40,40.0%,전통 소주,,배혜정도가,부국상사,https://assets.business.veluga.kr/media/public/%E1%84%85%E1%85%A9%E1%84%8B%E1%85%A1_%E1%84%92%E1%85%AA%E1%84%8B%E1%85%B5%E1%84%90%E1%85%B3_40.png
339,로아 옐로우 40,40.0%,전통 소주,,배혜정도가,부국상사,https://assets.business.veluga.kr/media/public/%E1%84%85%E1%85%A9%E1%84%8B%E1%85%A1_%E1%84%8B%E1%85%A8%E1%86%AF%E1%84%85%E1%85%A9%E1%84%8B%E1%85%AE_40.png
340,문배술 23,23.0%,전통 소주,,문배술양조원,부국상사,https://assets.business.veluga.kr/media/public/%E1%84%86%E1%85%AE%E1%86%AB%E1%84%87%E1%85%A2%E1%84%89%E1%85%AE%E1%86%AF_23%E1%84%83%E1%85%A9.png
341,문배술 25,25.0%,전통 소주,,문배술양조원,부국상사,https://assets.business.veluga.kr/media/public/%E1%84%86%E1%85%AE%E1%86%AB%E1%84%87%E1%85%A2%E1%84%89%E1%85%AE%E1%86%AF_25%E1%84%83%E1%85%A9.png
342,황금 보리 소주 40,40.0%,전통 소주,,남한산성 소주,부국상사,https://assets.business.veluga.kr/media/public/%E1%84%92%E1%85%AA%E1%86%BC%E1%84%80%E1%85%B3%E1%86%B7_%E1%84%87%E1%85%A9%E1%84%85%E1%85%B5_%E1%84%89%E1%85%A9%E1%84%8C%E1%85%AE_40.png
343,황금 보리 소주 25,25.0%,전통 소주,,남한산성 소주,부국상사,https://assets.business.veluga.kr/media/public/%E1%84%92%E1%85%AA%E1%86%BC%E1%84%80%E1%85%B3%E1%86%B7_%E1%84%87%E1%85%A9%E1%84%85%E1%85%B5_%E1%84%89%E1%85%A9%E1%84%8C%E1%85%AE_25.png
344,진도 홍주,40.0%,전통 소주,,진도홍주,부국상사,https://assets.business.veluga.kr/media/public/%E1%84%8C%E1%85%B5%E1%86%AB%E1%84%83%E1%85%A9_%E1%84%92%E1%85%A9%E1%86%BC%E1%84%8C%E1%85%AE.png
345,문배술 40,40.0%,전통 소주,,문배술양조원,부국상사,https://assets.business.veluga.kr/media/public/%E1%84%86%E1%85%AE%E1%86%AB%E1%84%87%E1%85%A2%E1%84%89%E1%85%AE%E1%86%AF_40%E1%84%83%E1%85%A9_h2ekJe1.png
346,명인 안동소주 35,35.0%,전통 소주,,명인 안동소주,부국상사,https://assets.business.veluga.kr/media/public/%E1%84%86%E1%85%A7%E1%86%BC%E1%84%8B%E1%85%B5%E1%86%AB_%E1%84%8B%E1%85%A1%E1%86%AB%E1%84%83%E1%85%A9%E1%86%BC_%E1%84%89%E1%85%A9%E1%84%8C%E1%85%AE_35.png
347,명인 안동소주 22,22.0%,전통 소주,,명인 안동소주,부국상사,https://assets.business.veluga.kr/media/public/%E1%84%86%E1%85%A7%E1%86%BC%E1%84%8B%E1%85%B5%E1%86%AB_%E1%84%8B%E1%85%A1%E1%86%AB%E1%84%83%E1%85%A9%E1%86%BC_%E1%84%89%E1%85%A9%E1%84%8C%E1%85%AE_22.png
348,양반 안동소주 하회탈 45,45.0%,전통 소주,,농업회사법인 유토피아(주),부국상사,https://assets.business.veluga.kr/media/public/%E1%84%8B%E1%85%A3%E1%86%BC%E1%84%87%E1%85%A1%E1%86%AB%E1%84%8B%E1%85%A1%E1%86%AB%E1%84%83%E1%85%A9%E1%86%BC%E1%84%89%E1%85%A9%E1%84%8C%E1%85%AE%E1%84%92%E1%85%A1%E1%84%92%E1%85%AC%E1%84%90%E1%85%A1%E1%86%AF45.png
349,양반 안동소주 하회탈 25,25.0%,전통 소주,,농업회사법인 유토피아(주),부국상사,https://assets.business.veluga.kr/media/public/%E1%84%8B%E1%85%A3%E1%86%BC%E1%84%87%E1%85%A1%E1%86%AB%E1%84%8B%E1%85%A1%E1%86%AB%E1%84%83%E1%85%A9%E1%86%BC%E1%84%89%E1%85%A9%E1%84%8C%E1%85%AE%E1%84%92%E1%85%A1%E1%84%92%E1%85%AC%E1%84%90%E1%85%A1%E1%86%AF25.png
350,추성주,25.0%,전통 소주,,추성고을,부국상사,https://assets.business.veluga.kr/media/public/%E1%84%8E%E1%85%AE%E1%84%89%E1%85%A5%E1%86%BC%E1%84%8C%E1%85%AE_25%E1%84%83%E1%85%A9.png
351,명품 안동소주 Feel,40.0%,전통 소주,,농업회사법인 명품안동소주(주),부국상사,https://assets.business.veluga.kr/media/public/%E1%84%86%E1%85%A7%E1%86%BC%E1%84%91%E1%85%AE%E1%86%B7_%E1%84%8B%E1%85%A1%E1%86%AB%E1%84%83%E1%85%A9%E1%86%BC_%E1%84%89%E1%85%A9%E1%84%8C%E1%85%AE_feel.png
352,담솔,40.0%,전통 소주,,명가원영농조합법인,부국상사,https://assets.business.veluga.kr/media/public/%E1%84%83%E1%85%A1%E1%86%B7%E1%84%89%E1%85%A9%E1%86%AF.png
353,명품 안동소주 19.8,19.8%,전통 소주,,농업회사법인 명품안동소주(주),부국상사,https://assets.business.veluga.kr/media/public/%E1%84%86%E1%85%A7%E1%86%BC%E1%84%91%E1%85%AE%E1%86%B7_%E1%84%8B%E1%85%A1%E1%86%AB%E1%84%83%E1%85%A9%E1%86%BC_%E1%84%89%E1%85%A9%E1%84%8C%E1%85%AE_%E1%84%82%E1%85%B3%E1%84%81%E1%85%B5%E1%86%B7_19.8.png
354,금산 인삼주 수삼 23,23.0%,전통 소주,,농업회사법인 (주)금산인삼주,부국상사,https://assets.business.veluga.kr/media/public/%E1%84%89%E1%85%AE%E1%84%89%E1%85%A1%E1%86%B7_23%E1%84%83%E1%85%A9.png
355,금산 인삼주 수삼 43,43.0%,전통 소주,,농업회사법인 (주)금산인삼주,부국상사,https://assets.business.veluga.kr/media/public/%E1%84%89%E1%85%AE%E1%84%89%E1%85%A1%E1%86%B7_43%E1%84%83%E1%85%A9.png
356,추사 40,40.0%,전통 소주,,농업회사법인 예산사과와인(주),부국상사,https://assets.business.veluga.kr/media/public/%E1%84%8E%E1%85%AE%E1%84%89%E1%85%A1_40.png
357,민속주 왕주 25,25.0%,전통 소주,,농업회사법인 (주)민속주왕주,부국상사,https://assets.business.veluga.kr/media/public/%E1%84%86%E1%85%B5%E1%86%AB%E1%84%89%E1%85%A9%E1%86%A8%E1%84%8C%E1%85%AE_%E1%84%8B%E1%85%AA%E1%86%BC%E1%84%8C%E1%85%AE_25.png
358,민속주 왕주 52,52.0%,전통 소주,,농업회사법인 (주)민속주왕주,부국상사,https://assets.business.veluga.kr/media/public/%E1%84%86%E1%85%B5%E1%86%AB%E1%84%89%E1%85%A9%E1%86%A8%E1%84%8C%E1%85%AE_%E1%84%8B%E1%85%AA%E1%86%BC%E1%84%8C%E1%85%AE_52.png
359,고소리술 40,40.0%,전통 소주,,제주샘 영농조합법인,부국상사,https://assets.business.veluga.kr/media/public/%E1%84%80%E1%85%A9%E1%84%89%E1%85%A9%E1%84%85%E1%85%B5%E1%84%89%E1%85%AE%E1%86%AF_40.png
360,고소리술 29,29.0%,전통 소주,,제주샘 영농조합법인,부국상사,https://assets.business.veluga.kr/media/public/%EA%B3%A0%EC%86%8C%EB%A6%AC%EC%88%A0_29.png
361,오메기술,13.0%,전통 소주,,제주샘 영농조합법인,부국상사,https://assets.business.veluga.kr/media/public/%E1%84%8B%E1%85%A9%E1%84%86%E1%85%A6%E1%84%80%E1%85%B5%E1%84%89%E1%85%AE%E1%86%AF.png
362,찾을수록 아메리카노,16.0%,전통 소주,,(주)애플리즈,부국상사,https://assets.business.veluga.kr/media/public/%E1%84%8E%E1%85%A1%E1%86%BD%E1%84%8B%E1%85%B3%E1%86%AF%E1%84%89%E1%85%AE%E1%84%85%E1%85%A9%E1%86%A8_%E1%84%8B%E1%85%A1%E1%84%86%E1%85%A6%E1%84%85%E1%85%B5%E1%84%8F%E1%85%A1%E1%84%82%E1%85%A9_jWOozdS.png
363,찾을수록 복숭아,16.0%,전통 소주,,(주)애플리즈,부국상사,https://assets.business.veluga.kr/media/public/%E1%84%8E%E1%85%A1%E1%86%BD%E1%84%8B%E1%85%B3%E1%86%AF%E1%84%89%E1%85%AE%E1%84%85%E1%85%A9%E1%86%A8_%E1%84%87%E1%85%A9%E1%86%A8%E1%84%89%E1%85%AE%E1%86%BC%E1%84%8B%E1%85%A1_jZ8jO1T.png
364,찾을수록 모스카토,16.0%,전통 소주,,(주)애플리즈,부국상사,https://assets.business.veluga.kr/media/public/%E1%84%8E%E1%85%A1%E1%86%BD%E1%84%8B%E1%85%B3%E1%86%AF%E1%84%89%E1%85%AE%E1%84%85%E1%85%A9%E1%86%A8_%E1%84%86%E1%85%A9%E1%84%89%E1%85%B3%E1%84%8F%E1%85%A1%E1%84%90%E1%85%A9_QjkZTrp.png
365,찾을수록 생강,16.0%,전통 소주,,(주)애플리즈,부국상사,https://assets.business.veluga.kr/media/public/%E1%84%8E%E1%85%A1%E1%86%BD%E1%84%8B%E1%85%B3%E1%86%AF%E1%84%89%E1%85%AE%E1%84%85%E1%85%A9%E1%86%A8_%E1%84%89%E1%85%A2%E1%86%BC%E1%84%80%E1%85%A1%E1%86%BC.png
366,찾을수록 사과,16.0%,전통 소주,,(주)애플리즈,부국상사,https://assets.business.veluga.kr/media/public/%E1%84%8E%E1%85%A1%E1%86%BD%E1%84%8B%E1%85%B3%E1%86%AF%E1%84%89%E1%85%AE%E1%84%85%E1%85%A9%E1%86%A8_%E1%84%89%E1%85%A1%E1%84%80%E1%85%AA_kFHtPV0.png
367,찾을수록 오렌지,16.0%,전통 소주,,(주)애플리즈,부국상사,https://assets.business.veluga.kr/media/public/%E1%84%8E%E1%85%A1%E1%86%BD%E1%84%8B%E1%85%B3%E1%86%AF%E1%84%89%E1%85%AE%E1%84%85%E1%85%A9%E1%86%A8_%E1%84%8B%E1%85%A9%E1%84%85%E1%85%A6%E1%86%AB%E1%84%8C%E1%85%B5_baViwpT.png
368,술샘 16,16.0%,전통 소주,,농업회사법인 (주)술샘,부국상사,https://assets.business.veluga.kr/media/public/%E1%84%89%E1%85%AE%E1%86%AF%E1%84%89%E1%85%A2%E1%86%B7_16.png
369,미르 25,25.0%,전통 소주,,농업회사법인 (주)술샘,부국상사,https://assets.business.veluga.kr/media/public/%E1%84%86%E1%85%B5%E1%84%85%E1%85%B3_25.png
370,미르 40,40.0%,전통 소주,,농업회사법인 (주)술샘,부국상사,https://assets.business.veluga.kr/media/public/%E1%84%86%E1%85%B5%E1%84%85%E1%85%B3_40.png
371,미르 54,54.0%,전통 소주,,농업회사법인 (주)술샘,부국상사,https://assets.business.veluga.kr/media/public/%E1%84%86%E1%85%B5%E1%84%85%E1%85%B3_54.png
372,로아 화이트 19,19.0%,전통 소주,,배혜정도가,부국상사,https://assets.business.veluga.kr/media/public/%E1%84%85%E1%85%A9%E1%84%8B%E1%85%A1_%E1%84%92%E1%85%AA%E1%84%8B%E1%85%B5%E1%84%90%E1%85%B3_19.png
373,로아 옐로우 19,19.0%,전통 소주,,배혜정도가,부국상사,https://assets.business.veluga.kr/media/public/%E1%84%85%E1%85%A9%E1%84%8B%E1%85%A1_%E1%84%8B%E1%85%A8%E1%86%AF%E1%84%85%E1%85%A9%E1%84%8B%E1%85%AE_19.png
374,한주 25,25.0%,전통 소주,,한주양조,부국상사,https://assets.business.veluga.kr/media/public/%E1%84%92%E1%85%A1%E1%86%AB%E1%84%8C%E1%85%AE25_35.png
375,한주 35,35.0%,전통 소주,,한주양조,부국상사,https://assets.business.veluga.kr/media/public/%E1%84%92%E1%85%A1%E1%86%AB%E1%84%8C%E1%85%AE25_35_sKTuSq5.png
376,만월 24,24.0%,전통 소주,,농업회사법인 (주)착한농부,부국상사,https://assets.business.veluga.kr/media/public/%E1%84%86%E1%85%A1%E1%86%AB%E1%84%8B%E1%85%AF%E1%86%AF_24.png
377,만월 40,40.0%,전통 소주,,농업회사법인 (주)착한농부,부국상사,https://assets.business.veluga.kr/media/public/%E1%84%86%E1%85%A1%E1%86%AB%E1%84%8B%E1%85%AF%E1%86%AF_40.png
378,화주,25.0%,전통 소주,,내국양조,부국상사,https://assets.business.veluga.kr/media/public/%E1%84%92%E1%85%AA%E1%84%8C%E1%85%AE.png
379,산들벗 21,21.0%,전통 소주,,농업회사법인 산들벗(주),부국상사,https://assets.business.veluga.kr/media/public/%E1%84%89%E1%85%A1%E1%86%AB%E1%84%83%E1%85%B3%E1%86%AF%E1%84%87%E1%85%A5%E1%86%BA_21.png
380,서울의 밤,25.0%,전통 소주,,더한주류,더한주류,https://assets.business.veluga.kr/media/public/%E1%84%89%E1%85%A5%E1%84%8B%E1%85%AE%E1%86%AF%E1%84%8B%E1%85%B4_%E1%84%87%E1%85%A1%E1%86%B7.png
381,예천주 럼 42,42.0%,전통 소주,,농업회사법인 (주)착한농부,부국상사,https://assets.business.veluga.kr/media/public/%E1%84%85%E1%85%A5%E1%86%B7_42.png
382,예천주 럼 36.6,37.0%,전통 소주,,농업회사법인 (주)착한농부,부국상사,https://assets.business.veluga.kr/media/public/%E1%84%85%E1%85%A5%E1%86%B7_36.6.png
383,예천주 럼 22,22.0%,전통 소주,,농업회사법인 (주)착한농부,부국상사,https://assets.business.veluga.kr/media/public/%E1%84%85%E1%85%A5%E1%86%B7_22.png
384,예천주 럼 16.8,17.0%,전통 소주,,농업회사법인 (주)착한농부,부국상사,https://assets.business.veluga.kr/media/public/%E1%84%85%E1%85%A5%E1%86%B7_16.8.png
385,안동 국화주 42,42.0%,전통 소주,,(주)회곡양조장,부국상사,https://assets.business.veluga.kr/media/public/%E1%84%8B%E1%85%A1%E1%86%AB%E1%84%83%E1%85%A9%E1%86%BC_%E1%84%80%E1%85%AE%E1%86%A8%E1%84%92%E1%85%AA%E1%84%8C%E1%85%AE_42.png
386,안동 국화주 32,32.0%,전통 소주,,(주)회곡양조장,부국상사,https://assets.business.veluga.kr/media/public/%E1%84%8B%E1%85%A1%E1%86%AB%E1%84%83%E1%85%A9%E1%86%BC_%E1%84%80%E1%85%AE%E1%86%A8%E1%84%92%E1%85%AA%E1%84%8C%E1%85%AE_32.png
387,안동 국화주 22,22.0%,전통 소주,,(주)회곡양조장,부국상사,https://assets.business.veluga.kr/media/public/%E1%84%8B%E1%85%A1%E1%86%AB%E1%84%83%E1%85%A9%E1%86%BC_%E1%84%80%E1%85%AE%E1%86%A8%E1%84%92%E1%85%AA%E1%84%8C%E1%85%AE_22.png
388,회곡 안동소주 42,42.0%,전통 소주,,(주)회곡양조장,부국상사,https://assets.business.veluga.kr/media/public/%E1%84%92%E1%85%AC%E1%84%80%E1%85%A9%E1%86%A8_%E1%84%8B%E1%85%A1%E1%86%AB%E1%84%83%E1%85%A9%E1%86%BC%E1%84%89%E1%85%A9%E1%84%8C%E1%85%AE_42.png
389,회곡 안동소주 32,32.0%,전통 소주,,(주)회곡양조장,부국상사,https://assets.business.veluga.kr/media/public/%E1%84%92%E1%85%AC%E1%84%80%E1%85%A9%E1%86%A8_%E1%84%8B%E1%85%A1%E1%86%AB%E1%84%83%E1%85%A9%E1%86%BC%E1%84%89%E1%85%A9%E1%84%8C%E1%85%AE_32.png
390,회곡 안동소주 22,22.0%,전통 소주,,(주)회곡양조장,부국상사,https://assets.business.veluga.kr/media/public/%E1%84%92%E1%85%AC%E1%84%80%E1%85%A9%E1%86%A8_%E1%84%8B%E1%85%A1%E1%86%AB%E1%84%83%E1%85%A9%E1%86%BC%E1%84%89%E1%85%A9%E1%84%8C%E1%85%AE_22.png
391,죽력고,25.0%,전통 소주,,추성고을,부국상사,https://assets.business.veluga.kr/media/public/%E1%84%8C%E1%85%AE%E1%86%A8%E1%84%85%E1%85%A7%E1%86%A8%E1%84%80%E1%85%A9.png
392,겨울 소주 25,25.0%,전통 소주,,농업회사법인 아리랑주조(주),부국상사,https://assets.business.veluga.kr/media/public/%E1%84%80%E1%85%A7%E1%84%8B%E1%85%AE%E1%86%AF%E1%84%89%E1%85%A9%E1%84%8C%E1%85%AE_25.png
393,안동소주 일품 40,40.0%,전통 소주,증류식,안동소주일품(주),한국술유통,https://cdn.veluga.kr/files/supplier/temporary/drinks/69.%E1%84%92%E1%85%A1%E1%86%AB%E1%84%80%E1%85%AE%E1%86%A8%E1%84%89%E1%85%AE%E1%86%AF%E1%84%8B%E1%85%B2%E1%84%90%E1%85%A9%E1%86%BC_%E1%84%8B%E1%85%A1%E1%86%AB%E1%84%83%E1%85%A9%E1%86%BC%E1%84%89%E1%85%A9%E1%84%8C%E1%85%AE_%E1%84%8B%E1%85%B5%E1%86%AF%E1%84%91%E1%85%AE%E1%86%B7_40.png
394,필 25,25.0%,전통 소주,증류식,술아원,한국술유통,https://cdn.veluga.kr/files/supplier/temporary/drinks/65.%E1%84%92%E1%85%A1%E1%86%AB%E1%84%80%E1%85%AE%E1%86%A8%E1%84%89%E1%85%AE%E1%86%AF%E1%84%8B%E1%85%B2%E1%84%90%E1%85%A9%E1%86%BC_%E1%84%91%E1%85%B5%E1%86%AF_25.png
395,여주명주 려40,40.0%,전통 소주,증류식,국순당 여주명주,한국술유통,https://cdn.veluga.kr/files/supplier/temporary/drinks/12.%E1%84%92%E1%85%A1%E1%86%AB%E1%84%80%E1%85%AE%E1%86%A8%E1%84%89%E1%85%AE%E1%86%AF%E1%84%8B%E1%85%B2%E1%84%90%E1%85%A9%E1%86%BC_%E1%84%8B%E1%85%A7%E1%84%8C%E1%85%AE%E1%84%86%E1%85%A7%E1%86%BC%E1%84%8C%E1%85%AE_%E1%84%85%E1%85%A740.png
396,여주명주 려25,25.0%,전통 소주,증류식,국순당 여주명주,한국술유통,https://cdn.veluga.kr/files/supplier/temporary/drinks/11.%E1%84%92%E1%85%A1%E1%86%AB%E1%84%80%E1%85%AE%E1%86%A8%E1%84%89%E1%85%AE%E1%86%AF%E1%84%8B%E1%85%B2%E1%84%90%E1%85%A9%E1%86%BC_%E1%84%8B%E1%85%A7%E1%84%8C%E1%85%AE%E1%84%86%E1%85%A7%E1%86%BC%E1%84%8C%E1%85%AE_%E1%84%85%E1%85%A725.png
397,원 소주,22.0%,전통 소주,증류식,원스피리츠 주식회사 농업회사법인,원스피리츠 주식회사,https://cdn.veluga.kr/files/supplier/undefined/drinks/%E1%84%8B%E1%85%AF%E1%86%AB%20%E1%84%89%E1%85%A9%E1%84%8C%E1%85%AE(won%20soju)%20-%20%E1%84%8B%E1%85%AF%E1%86%AB%E1%84%89%E1%85%B3%E1%84%91%E1%85%B5%E1%84%85%E1%85%B5%E1%84%8E%E1%85%B3(won%20spirits).png
